{
	"format_version": "1.21.6",
	"credit": "Made with Blockbench",
	"textures": {
		"0": "xoxmuk:item/soul_collector",
		"particle": "xoxmuk:item/soul_collector"
	},
	"elements": [
		{
			"name": "soul_collector_0",
			"from": [7.875, 7.625, 8],
			"to": [8.125, 15.625, 8],
			"rotation": {"angle": 0, "axis": "y", "origin": [0.625, 0, 7.875]},
			"faces": {
				"north": {"uv": [1.25, 0.5, 1, 8.5], "texture": "#0"},
				"east": {"uv": [1, 0.5, 1.25, 8.5], "texture": "#0"},
				"south": {"uv": [1, 0.5, 1.25, 8.5], "texture": "#0"},
				"west": {"uv": [1, 0.5, 1.25, 8.5], "texture": "#0"},
				"up": {"uv": [1, 0.5, 1.25, 0.75], "texture": "#0"},
				"down": {"uv": [1, 8.25, 1.25, 8.5], "texture": "#0"}
			}
		},
		{
			"name": "soul_collector_1",
			"from": [7.625, 7.375, 8],
			"to": [7.875, 14.625, 8],
			"rotation": {"angle": 0, "axis": "y", "origin": [0.625, 0, 7.875]},
			"faces": {
				"north": {"uv": [1, 1.5, 0.75, 8.75], "texture": "#0"},
				"east": {"uv": [0.75, 1.5, 1, 8.75], "texture": "#0"},
				"south": {"uv": [0.75, 1.5, 1, 8.75], "texture": "#0"},
				"west": {"uv": [0.75, 1.5, 1, 8.75], "texture": "#0"},
				"up": {"uv": [0.75, 1.5, 1, 1.75], "texture": "#0"},
				"down": {"uv": [0.75, 8.5, 1, 8.75], "texture": "#0"}
			}
		},
		{
			"name": "soul_collector_2",
			"from": [8.125, 7.375, 8],
			"to": [8.375, 14.625, 8],
			"rotation": {"angle": 0, "axis": "y", "origin": [0.625, 0, 7.875]},
			"faces": {
				"north": {"uv": [1.5, 1.5, 1.25, 8.75], "texture": "#0"},
				"east": {"uv": [1.25, 1.5, 1.5, 8.75], "texture": "#0"},
				"south": {"uv": [1.25, 1.5, 1.5, 8.75], "texture": "#0"},
				"west": {"uv": [1.25, 1.5, 1.5, 8.75], "texture": "#0"},
				"up": {"uv": [1.25, 1.5, 1.5, 1.75], "texture": "#0"},
				"down": {"uv": [1.25, 8.5, 1.5, 8.75], "texture": "#0"}
			}
		},
		{
			"name": "soul_collector_3",
			"from": [7.375, 11.375, 8],
			"to": [7.625, 13.375, 8],
			"rotation": {"angle": 0, "axis": "y", "origin": [0.625, 0, 7.875]},
			"faces": {
				"north": {"uv": [0.75, 2.75, 0.5, 4.75], "texture": "#0"},
				"east": {"uv": [0.5, 2.75, 0.75, 4.75], "texture": "#0"},
				"south": {"uv": [0.5, 2.75, 0.75, 4.75], "texture": "#0"},
				"west": {"uv": [0.5, 2.75, 0.75, 4.75], "texture": "#0"},
				"up": {"uv": [0.5, 2.75, 0.75, 3], "texture": "#0"},
				"down": {"uv": [0.5, 4.5, 0.75, 4.75], "texture": "#0"}
			}
		},
		{
			"name": "soul_collector_4",
			"from": [8.375, 11.375, 8],
			"to": [8.625, 13.375, 8],
			"rotation": {"angle": 0, "axis": "y", "origin": [0.625, 0, 7.875]},
			"faces": {
				"north": {"uv": [1.75, 2.75, 1.5, 4.75], "texture": "#0"},
				"east": {"uv": [1.5, 2.75, 1.75, 4.75], "texture": "#0"},
				"south": {"uv": [1.5, 2.75, 1.75, 4.75], "texture": "#0"},
				"west": {"uv": [1.5, 2.75, 1.75, 4.75], "texture": "#0"},
				"up": {"uv": [1.5, 2.75, 1.75, 3], "texture": "#0"},
				"down": {"uv": [1.5, 4.5, 1.75, 4.75], "texture": "#0"}
			}
		},
		{
			"name": "soul_collector_5",
			"from": [7.375, 9.375, 8],
			"to": [7.625, 9.625, 8],
			"rotation": {"angle": 0, "axis": "y", "origin": [0.625, 0, 7.875]},
			"faces": {
				"north": {"uv": [0.75, 6.5, 0.5, 6.75], "texture": "#0"},
				"east": {"uv": [0.5, 6.5, 0.75, 6.75], "texture": "#0"},
				"south": {"uv": [0.5, 6.5, 0.75, 6.75], "texture": "#0"},
				"west": {"uv": [0.5, 6.5, 0.75, 6.75], "texture": "#0"},
				"up": {"uv": [0.5, 6.5, 0.75, 6.75], "texture": "#0"},
				"down": {"uv": [0.5, 6.5, 0.75, 6.75], "texture": "#0"}
			}
		},
		{
			"name": "soul_collector_6",
			"from": [8.375, 9.375, 8],
			"to": [8.625, 9.625, 8],
			"rotation": {"angle": 0, "axis": "y", "origin": [0.625, 0, 7.875]},
			"faces": {
				"north": {"uv": [1.75, 6.5, 1.5, 6.75], "texture": "#0"},
				"east": {"uv": [1.5, 6.5, 1.75, 6.75], "texture": "#0"},
				"south": {"uv": [1.5, 6.5, 1.75, 6.75], "texture": "#0"},
				"west": {"uv": [1.5, 6.5, 1.75, 6.75], "texture": "#0"},
				"up": {"uv": [1.5, 6.5, 1.75, 6.75], "texture": "#0"},
				"down": {"uv": [1.5, 6.5, 1.75, 6.75], "texture": "#0"}
			}
		},
		{
			"name": "soul_collector_7",
			"from": [7.375, 8.625, 8],
			"to": [7.625, 9.125, 8],
			"rotation": {"angle": 0, "axis": "y", "origin": [0.625, 0, 7.875]},
			"faces": {
				"north": {"uv": [0.75, 7, 0.5, 7.5], "texture": "#0"},
				"east": {"uv": [0.5, 7, 0.75, 7.5], "texture": "#0"},
				"south": {"uv": [0.5, 7, 0.75, 7.5], "texture": "#0"},
				"west": {"uv": [0.5, 7, 0.75, 7.5], "texture": "#0"},
				"up": {"uv": [0.5, 7, 0.75, 7.25], "texture": "#0"},
				"down": {"uv": [0.5, 7.25, 0.75, 7.5], "texture": "#0"}
			}
		},
		{
			"name": "soul_collector_8",
			"from": [8.375, 8.625, 8],
			"to": [8.625, 9.125, 8],
			"rotation": {"angle": 0, "axis": "y", "origin": [0.625, 0, 7.875]},
			"faces": {
				"north": {"uv": [1.75, 7, 1.5, 7.5], "texture": "#0"},
				"east": {"uv": [1.5, 7, 1.75, 7.5], "texture": "#0"},
				"south": {"uv": [1.5, 7, 1.75, 7.5], "texture": "#0"},
				"west": {"uv": [1.5, 7, 1.75, 7.5], "texture": "#0"},
				"up": {"uv": [1.5, 7, 1.75, 7.25], "texture": "#0"},
				"down": {"uv": [1.5, 7.25, 1.75, 7.5], "texture": "#0"}
			}
		},
		{
			"name": "soul_collector_9",
			"from": [7.375, 6.875, 8],
			"to": [7.625, 8.375, 8],
			"rotation": {"angle": 0, "axis": "y", "origin": [0.625, 0, 7.875]},
			"faces": {
				"north": {"uv": [0.75, 7.75, 0.5, 9.25], "texture": "#0"},
				"east": {"uv": [0.5, 7.75, 0.75, 9.25], "texture": "#0"},
				"south": {"uv": [0.5, 7.75, 0.75, 9.25], "texture": "#0"},
				"west": {"uv": [0.5, 7.75, 0.75, 9.25], "texture": "#0"},
				"up": {"uv": [0.5, 7.75, 0.75, 8], "texture": "#0"},
				"down": {"uv": [0.5, 9, 0.75, 9.25], "texture": "#0"}
			}
		},
		{
			"name": "soul_collector_10",
			"from": [8.375, 6.875, 8],
			"to": [8.625, 8.375, 8],
			"rotation": {"angle": 0, "axis": "y", "origin": [0.625, 0, 7.875]},
			"faces": {
				"north": {"uv": [1.75, 7.75, 1.5, 9.25], "texture": "#0"},
				"east": {"uv": [1.5, 7.75, 1.75, 9.25], "texture": "#0"},
				"south": {"uv": [1.5, 7.75, 1.75, 9.25], "texture": "#0"},
				"west": {"uv": [1.5, 7.75, 1.75, 9.25], "texture": "#0"},
				"up": {"uv": [1.5, 7.75, 1.75, 8], "texture": "#0"},
				"down": {"uv": [1.5, 9, 1.75, 9.25], "texture": "#0"}
			}
		},
		{
			"name": "soul_collector_11",
			"from": [6.875, 7.875, 8],
			"to": [7.125, 8.125, 8],
			"rotation": {"angle": 0, "axis": "y", "origin": [0.625, 0, 7.875]},
			"faces": {
				"north": {"uv": [0.25, 8, 0, 8.25], "texture": "#0"},
				"east": {"uv": [0, 8, 0.25, 8.25], "texture": "#0"},
				"south": {"uv": [0, 8, 0.25, 8.25], "texture": "#0"},
				"west": {"uv": [0, 8, 0.25, 8.25], "texture": "#0"},
				"up": {"uv": [0, 8, 0.25, 8.25], "texture": "#0"},
				"down": {"uv": [0, 8, 0.25, 8.25], "texture": "#0"}
			}
		},
		{
			"name": "soul_collector_12",
			"from": [8.875, 7.875, 8],
			"to": [9.125, 8.125, 8],
			"rotation": {"angle": 0, "axis": "y", "origin": [0.625, 0, 7.875]},
			"faces": {
				"north": {"uv": [2.25, 8, 2, 8.25], "texture": "#0"},
				"east": {"uv": [2, 8, 2.25, 8.25], "texture": "#0"},
				"south": {"uv": [2, 8, 2.25, 8.25], "texture": "#0"},
				"west": {"uv": [2, 8, 2.25, 8.25], "texture": "#0"},
				"up": {"uv": [2, 8, 2.25, 8.25], "texture": "#0"},
				"down": {"uv": [2, 8, 2.25, 8.25], "texture": "#0"}
			}
		},
		{
			"name": "soul_collector_13",
			"from": [7.125, 6.625, 8],
			"to": [7.375, 7.875, 8],
			"rotation": {"angle": 0, "axis": "y", "origin": [0.625, 0, 7.875]},
			"faces": {
				"north": {"uv": [0.5, 8.25, 0.25, 9.5], "texture": "#0"},
				"east": {"uv": [0.25, 8.25, 0.5, 9.5], "texture": "#0"},
				"south": {"uv": [0.25, 8.25, 0.5, 9.5], "texture": "#0"},
				"west": {"uv": [0.25, 8.25, 0.5, 9.5], "texture": "#0"},
				"up": {"uv": [0.25, 8.25, 0.5, 8.5], "texture": "#0"},
				"down": {"uv": [0.25, 9.25, 0.5, 9.5], "texture": "#0"}
			}
		},
		{
			"name": "soul_collector_14",
			"from": [8.625, 6.625, 8],
			"to": [8.875, 7.875, 8],
			"rotation": {"angle": 0, "axis": "y", "origin": [0.625, 0, 7.875]},
			"faces": {
				"north": {"uv": [2, 8.25, 1.75, 9.5], "texture": "#0"},
				"east": {"uv": [1.75, 8.25, 2, 9.5], "texture": "#0"},
				"south": {"uv": [1.75, 8.25, 2, 9.5], "texture": "#0"},
				"west": {"uv": [1.75, 8.25, 2, 9.5], "texture": "#0"},
				"up": {"uv": [1.75, 8.25, 2, 8.5], "texture": "#0"},
				"down": {"uv": [1.75, 9.25, 2, 9.5], "texture": "#0"}
			}
		},
		{
			"name": "soul_collector_15",
			"from": [7.875, 5.625, 7.75],
			"to": [8.125, 7.625, 8.25],
			"rotation": {"angle": 0, "axis": "y", "origin": [0.625, 0, 7.875]},
			"faces": {
				"north": {"uv": [8, 8.5, 7.75, 10.5], "texture": "#0"},
				"east": {"uv": [7.75, 8.5, 8, 10.5], "texture": "#0"},
				"south": {"uv": [7.75, 8.5, 8, 10.5], "texture": "#0"},
				"west": {"uv": [7.75, 8.5, 8, 10.5], "texture": "#0"},
				"up": {"uv": [7.75, 8.5, 8, 8.75], "texture": "#0"},
				"down": {"uv": [7.75, 10.25, 8, 10.5], "texture": "#0"}
			}
		},
		{
			"name": "soul_collector_16",
			"from": [6.375, 6.625, 7.75],
			"to": [6.625, 7.125, 8.25],
			"rotation": {"angle": 0, "axis": "y", "origin": [0.625, 0, 7.875]},
			"faces": {
				"north": {"uv": [6, 8.75, 5.75, 9.25], "texture": "#0"},
				"east": {"uv": [5.75, 8.75, 6, 9.25], "texture": "#0"},
				"south": {"uv": [5.75, 8.75, 6, 9.25], "texture": "#0"},
				"west": {"uv": [5.75, 8.75, 6, 9.25], "texture": "#0"},
				"up": {"uv": [5.75, 8.75, 6, 9], "texture": "#0"},
				"down": {"uv": [5.75, 9, 6, 9.25], "texture": "#0"}
			}
		},
		{
			"name": "soul_collector_17",
			"from": [7.625, 5.875, 7.75],
			"to": [7.875, 7.375, 8.25],
			"rotation": {"angle": 0, "axis": "y", "origin": [0.625, 0, 7.875]},
			"faces": {
				"north": {"uv": [7.75, 8.75, 7.5, 10.25], "texture": "#0"},
				"east": {"uv": [7.5, 8.75, 7.75, 10.25], "texture": "#0"},
				"south": {"uv": [7.5, 8.75, 7.75, 10.25], "texture": "#0"},
				"west": {"uv": [7.5, 8.75, 7.75, 10.25], "texture": "#0"},
				"up": {"uv": [7.5, 8.75, 7.75, 9], "texture": "#0"},
				"down": {"uv": [7.5, 10, 7.75, 10.25], "texture": "#0"}
			}
		},
		{
			"name": "soul_collector_18",
			"from": [8.125, 5.875, 7.75],
			"to": [8.375, 7.375, 8.25],
			"rotation": {"angle": 0, "axis": "y", "origin": [0.625, 0, 7.875]},
			"faces": {
				"north": {"uv": [8.25, 8.75, 8, 10.25], "texture": "#0"},
				"east": {"uv": [8, 8.75, 8.25, 10.25], "texture": "#0"},
				"south": {"uv": [8, 8.75, 8.25, 10.25], "texture": "#0"},
				"west": {"uv": [8, 8.75, 8.25, 10.25], "texture": "#0"},
				"up": {"uv": [8, 8.75, 8.25, 9], "texture": "#0"},
				"down": {"uv": [8, 10, 8.25, 10.25], "texture": "#0"}
			}
		},
		{
			"name": "soul_collector_19",
			"from": [9.375, 6.625, 7.75],
			"to": [9.625, 7.125, 8.25],
			"rotation": {"angle": 0, "axis": "y", "origin": [0.625, 0, 7.875]},
			"faces": {
				"north": {"uv": [10, 8.75, 9.75, 9.25], "texture": "#0"},
				"east": {"uv": [9.75, 8.75, 10, 9.25], "texture": "#0"},
				"south": {"uv": [9.75, 8.75, 10, 9.25], "texture": "#0"},
				"west": {"uv": [9.75, 8.75, 10, 9.25], "texture": "#0"},
				"up": {"uv": [9.75, 8.75, 10, 9], "texture": "#0"},
				"down": {"uv": [9.75, 9, 10, 9.25], "texture": "#0"}
			}
		},
		{
			"name": "soul_collector_20",
			"from": [6.625, 6.375, 7.75],
			"to": [6.875, 6.875, 8.25],
			"rotation": {"angle": 0, "axis": "y", "origin": [0.625, 0, 7.875]},
			"faces": {
				"north": {"uv": [6.25, 9, 6, 9.5], "texture": "#0"},
				"east": {"uv": [6, 9, 6.25, 9.5], "texture": "#0"},
				"south": {"uv": [6, 9, 6.25, 9.5], "texture": "#0"},
				"west": {"uv": [6, 9, 6.25, 9.5], "texture": "#0"},
				"up": {"uv": [6, 9, 6.25, 9.25], "texture": "#0"},
				"down": {"uv": [6, 9.25, 6.25, 9.5], "texture": "#0"}
			}
		},
		{
			"name": "soul_collector_21",
			"from": [9.125, 6.375, 7.75],
			"to": [9.375, 6.875, 8.25],
			"rotation": {"angle": 0, "axis": "y", "origin": [0.625, 0, 7.875]},
			"faces": {
				"north": {"uv": [9.75, 9, 9.5, 9.5], "texture": "#0"},
				"east": {"uv": [9.5, 9, 9.75, 9.5], "texture": "#0"},
				"south": {"uv": [9.5, 9, 9.75, 9.5], "texture": "#0"},
				"west": {"uv": [9.5, 9, 9.75, 9.5], "texture": "#0"},
				"up": {"uv": [9.5, 9, 9.75, 9.25], "texture": "#0"},
				"down": {"uv": [9.5, 9.25, 9.75, 9.5], "texture": "#0"}
			}
		},
		{
			"name": "soul_collector_22",
			"from": [6.875, 6.625, 8],
			"to": [7.125, 6.875, 8],
			"rotation": {"angle": 0, "axis": "y", "origin": [0.625, 0, 7.875]},
			"faces": {
				"north": {"uv": [0.25, 9.25, 0, 9.5], "texture": "#0"},
				"east": {"uv": [0, 9.25, 0.25, 9.5], "texture": "#0"},
				"south": {"uv": [0, 9.25, 0.25, 9.5], "texture": "#0"},
				"west": {"uv": [0, 9.25, 0.25, 9.5], "texture": "#0"},
				"up": {"uv": [0, 9.25, 0.25, 9.5], "texture": "#0"},
				"down": {"uv": [0, 9.25, 0.25, 9.5], "texture": "#0"}
			}
		},
		{
			"name": "soul_collector_23",
			"from": [8.875, 6.625, 8],
			"to": [9.125, 6.875, 8],
			"rotation": {"angle": 0, "axis": "y", "origin": [0.625, 0, 7.875]},
			"faces": {
				"north": {"uv": [2.25, 9.25, 2, 9.5], "texture": "#0"},
				"east": {"uv": [2, 9.25, 2.25, 9.5], "texture": "#0"},
				"south": {"uv": [2, 9.25, 2.25, 9.5], "texture": "#0"},
				"west": {"uv": [2, 9.25, 2.25, 9.5], "texture": "#0"},
				"up": {"uv": [2, 9.25, 2.25, 9.5], "texture": "#0"},
				"down": {"uv": [2, 9.25, 2.25, 9.5], "texture": "#0"}
			}
		},
		{
			"name": "soul_collector_24",
			"from": [6.875, 6.375, 7.75],
			"to": [7.125, 6.625, 8.25],
			"rotation": {"angle": 0, "axis": "y", "origin": [0.625, 0, 7.875]},
			"faces": {
				"north": {"uv": [6.5, 9.25, 6.25, 9.5], "texture": "#0"},
				"east": {"uv": [6.25, 9.25, 6.5, 9.5], "texture": "#0"},
				"south": {"uv": [6.25, 9.25, 6.5, 9.5], "texture": "#0"},
				"west": {"uv": [6.25, 9.25, 6.5, 9.5], "texture": "#0"},
				"up": {"uv": [6.25, 9.25, 6.5, 9.5], "texture": "#0"},
				"down": {"uv": [6.25, 9.25, 6.5, 9.5], "texture": "#0"}
			}
		},
		{
			"name": "soul_collector_25",
			"from": [8.875, 6.375, 7.75],
			"to": [9.125, 6.625, 8.25],
			"rotation": {"angle": 0, "axis": "y", "origin": [0.625, 0, 7.875]},
			"faces": {
				"north": {"uv": [9.5, 9.25, 9.25, 9.5], "texture": "#0"},
				"east": {"uv": [9.25, 9.25, 9.5, 9.5], "texture": "#0"},
				"south": {"uv": [9.25, 9.25, 9.5, 9.5], "texture": "#0"},
				"west": {"uv": [9.25, 9.25, 9.5, 9.5], "texture": "#0"},
				"up": {"uv": [9.25, 9.25, 9.5, 9.5], "texture": "#0"},
				"down": {"uv": [9.25, 9.25, 9.5, 9.5], "texture": "#0"}
			}
		},
		{
			"name": "soul_collector_26",
			"from": [5.875, 5.875, 7.75],
			"to": [6.125, 6.375, 8.25],
			"rotation": {"angle": 0, "axis": "y", "origin": [0.625, 0, 7.875]},
			"faces": {
				"north": {"uv": [5.5, 9.5, 5.25, 10], "texture": "#0"},
				"east": {"uv": [5.25, 9.5, 5.5, 10], "texture": "#0"},
				"south": {"uv": [5.25, 9.5, 5.5, 10], "texture": "#0"},
				"west": {"uv": [5.25, 9.5, 5.5, 10], "texture": "#0"},
				"up": {"uv": [5.25, 9.5, 5.5, 9.75], "texture": "#0"},
				"down": {"uv": [5.25, 9.75, 5.5, 10], "texture": "#0"}
			}
		},
		{
			"name": "soul_collector_27",
			"from": [7.125, 5.625, 7.75],
			"to": [7.375, 6.375, 8.25],
			"rotation": {"angle": 0, "axis": "y", "origin": [0.625, 0, 7.875]},
			"faces": {
				"north": {"uv": [6.75, 9.5, 6.5, 10.25], "texture": "#0"},
				"east": {"uv": [6.5, 9.5, 6.75, 10.25], "texture": "#0"},
				"south": {"uv": [6.5, 9.5, 6.75, 10.25], "texture": "#0"},
				"west": {"uv": [6.5, 9.5, 6.75, 10.25], "texture": "#0"},
				"up": {"uv": [6.5, 9.5, 6.75, 9.75], "texture": "#0"},
				"down": {"uv": [6.5, 10, 6.75, 10.25], "texture": "#0"}
			}
		},
		{
			"name": "soul_collector_28",
			"from": [7.375, 6.125, 7.75],
			"to": [7.625, 6.625, 8.25],
			"rotation": {"angle": 0, "axis": "y", "origin": [0.625, 0, 7.875]},
			"faces": {
				"north": {"uv": [7.5, 9.5, 7.25, 10], "texture": "#0"},
				"east": {"uv": [7.25, 9.5, 7.5, 10], "texture": "#0"},
				"south": {"uv": [7.25, 9.5, 7.5, 10], "texture": "#0"},
				"west": {"uv": [7.25, 9.5, 7.5, 10], "texture": "#0"},
				"up": {"uv": [7.25, 9.5, 7.5, 9.75], "texture": "#0"},
				"down": {"uv": [7.25, 9.75, 7.5, 10], "texture": "#0"}
			}
		},
		{
			"name": "soul_collector_29",
			"from": [8.375, 6.125, 7.75],
			"to": [8.625, 6.625, 8.25],
			"rotation": {"angle": 0, "axis": "y", "origin": [0.625, 0, 7.875]},
			"faces": {
				"north": {"uv": [8.5, 9.5, 8.25, 10], "texture": "#0"},
				"east": {"uv": [8.25, 9.5, 8.5, 10], "texture": "#0"},
				"south": {"uv": [8.25, 9.5, 8.5, 10], "texture": "#0"},
				"west": {"uv": [8.25, 9.5, 8.5, 10], "texture": "#0"},
				"up": {"uv": [8.25, 9.5, 8.5, 9.75], "texture": "#0"},
				"down": {"uv": [8.25, 9.75, 8.5, 10], "texture": "#0"}
			}
		},
		{
			"name": "soul_collector_30",
			"from": [8.625, 5.625, 7.75],
			"to": [8.875, 6.375, 8.25],
			"rotation": {"angle": 0, "axis": "y", "origin": [0.625, 0, 7.875]},
			"faces": {
				"north": {"uv": [9.25, 9.5, 9, 10.25], "texture": "#0"},
				"east": {"uv": [9, 9.5, 9.25, 10.25], "texture": "#0"},
				"south": {"uv": [9, 9.5, 9.25, 10.25], "texture": "#0"},
				"west": {"uv": [9, 9.5, 9.25, 10.25], "texture": "#0"},
				"up": {"uv": [9, 9.5, 9.25, 9.75], "texture": "#0"},
				"down": {"uv": [9, 10, 9.25, 10.25], "texture": "#0"}
			}
		},
		{
			"name": "soul_collector_31",
			"from": [9.875, 5.875, 7.75],
			"to": [10.125, 6.375, 8.25],
			"rotation": {"angle": 0, "axis": "y", "origin": [0.625, 0, 7.875]},
			"faces": {
				"north": {"uv": [10.5, 9.5, 10.25, 10], "texture": "#0"},
				"east": {"uv": [10.25, 9.5, 10.5, 10], "texture": "#0"},
				"south": {"uv": [10.25, 9.5, 10.5, 10], "texture": "#0"},
				"west": {"uv": [10.25, 9.5, 10.5, 10], "texture": "#0"},
				"up": {"uv": [10.25, 9.5, 10.5, 9.75], "texture": "#0"},
				"down": {"uv": [10.25, 9.75, 10.5, 10], "texture": "#0"}
			}
		},
		{
			"name": "soul_collector_32",
			"from": [6.125, 5.875, 7.75],
			"to": [7.125, 6.125, 8.25],
			"rotation": {"angle": 0, "axis": "y", "origin": [0.625, 0, 7.875]},
			"faces": {
				"north": {"uv": [6.5, 9.75, 5.5, 10], "texture": "#0"},
				"east": {"uv": [6.25, 9.75, 6.5, 10], "texture": "#0"},
				"south": {"uv": [5.5, 9.75, 6.5, 10], "texture": "#0"},
				"west": {"uv": [5.5, 9.75, 5.75, 10], "texture": "#0"},
				"up": {"uv": [5.5, 9.75, 6.5, 10], "texture": "#0"},
				"down": {"uv": [5.5, 9.75, 6.5, 10], "texture": "#0"}
			}
		},
		{
			"name": "soul_collector_33",
			"from": [7.375, 5.625, 7.75],
			"to": [7.625, 6.125, 8.25],
			"rotation": {"angle": 0, "axis": "y", "origin": [0.625, 0, 7.875]},
			"faces": {
				"north": {"uv": [7, 9.75, 6.75, 10.25], "texture": "#0"},
				"east": {"uv": [6.75, 9.75, 7, 10.25], "texture": "#0"},
				"south": {"uv": [6.75, 9.75, 7, 10.25], "texture": "#0"},
				"west": {"uv": [6.75, 9.75, 7, 10.25], "texture": "#0"},
				"up": {"uv": [6.75, 9.75, 7, 10], "texture": "#0"},
				"down": {"uv": [6.75, 10, 7, 10.25], "texture": "#0"}
			}
		},
		{
			"name": "soul_collector_34",
			"from": [8.375, 5.625, 7.75],
			"to": [8.625, 6.125, 8.25],
			"rotation": {"angle": 0, "axis": "y", "origin": [0.625, 0, 7.875]},
			"faces": {
				"north": {"uv": [9, 9.75, 8.75, 10.25], "texture": "#0"},
				"east": {"uv": [8.75, 9.75, 9, 10.25], "texture": "#0"},
				"south": {"uv": [8.75, 9.75, 9, 10.25], "texture": "#0"},
				"west": {"uv": [8.75, 9.75, 9, 10.25], "texture": "#0"},
				"up": {"uv": [8.75, 9.75, 9, 10], "texture": "#0"},
				"down": {"uv": [8.75, 10, 9, 10.25], "texture": "#0"}
			}
		},
		{
			"name": "soul_collector_35",
			"from": [8.875, 5.625, 7.75],
			"to": [9.375, 6.125, 8.25],
			"rotation": {"angle": 0, "axis": "y", "origin": [0.625, 0, 7.875]},
			"faces": {
				"north": {"uv": [9.75, 9.75, 9.25, 10.25], "texture": "#0"},
				"east": {"uv": [9.5, 9.75, 9.75, 10.25], "texture": "#0"},
				"south": {"uv": [9.25, 9.75, 9.75, 10.25], "texture": "#0"},
				"west": {"uv": [9.25, 9.75, 9.5, 10.25], "texture": "#0"},
				"up": {"uv": [9.25, 9.75, 9.75, 10], "texture": "#0"},
				"down": {"uv": [9.25, 10, 9.75, 10.25], "texture": "#0"}
			}
		},
		{
			"name": "soul_collector_36",
			"from": [9.375, 5.875, 7.75],
			"to": [9.875, 6.125, 8.25],
			"rotation": {"angle": 0, "axis": "y", "origin": [0.625, 0, 7.875]},
			"faces": {
				"north": {"uv": [10.25, 9.75, 9.75, 10], "texture": "#0"},
				"east": {"uv": [10, 9.75, 10.25, 10], "texture": "#0"},
				"south": {"uv": [9.75, 9.75, 10.25, 10], "texture": "#0"},
				"west": {"uv": [9.75, 9.75, 10, 10], "texture": "#0"},
				"up": {"uv": [9.75, 9.75, 10.25, 10], "texture": "#0"},
				"down": {"uv": [9.75, 9.75, 10.25, 10], "texture": "#0"}
			}
		},
		{
			"name": "soul_collector_37",
			"from": [6.625, 5.625, 7.75],
			"to": [7.125, 5.875, 8.25],
			"rotation": {"angle": 0, "axis": "y", "origin": [0.625, 0, 7.875]},
			"faces": {
				"north": {"uv": [6.5, 10, 6, 10.25], "texture": "#0"},
				"east": {"uv": [6.25, 10, 6.5, 10.25], "texture": "#0"},
				"south": {"uv": [6, 10, 6.5, 10.25], "texture": "#0"},
				"west": {"uv": [6, 10, 6.25, 10.25], "texture": "#0"},
				"up": {"uv": [6, 10, 6.5, 10.25], "texture": "#0"},
				"down": {"uv": [6, 10, 6.5, 10.25], "texture": "#0"}
			}
		},
		{
			"name": "soul_collector_38",
			"from": [6.375, 5.375, 7.75],
			"to": [6.625, 5.625, 8.25],
			"rotation": {"angle": 0, "axis": "y", "origin": [0.625, 0, 7.875]},
			"faces": {
				"north": {"uv": [6, 10.25, 5.75, 10.5], "texture": "#0"},
				"east": {"uv": [5.75, 10.25, 6, 10.5], "texture": "#0"},
				"south": {"uv": [5.75, 10.25, 6, 10.5], "texture": "#0"},
				"west": {"uv": [5.75, 10.25, 6, 10.5], "texture": "#0"},
				"up": {"uv": [5.75, 10.25, 6, 10.5], "texture": "#0"},
				"down": {"uv": [5.75, 10.25, 6, 10.5], "texture": "#0"}
			}
		},
		{
			"name": "soul_collector_39",
			"from": [7.625, 5.375, 7.75],
			"to": [7.875, 5.875, 8.25],
			"rotation": {"angle": 0, "axis": "y", "origin": [0.625, 0, 7.875]},
			"faces": {
				"north": {"uv": [7.25, 10.25, 7, 10.75], "texture": "#0"},
				"east": {"uv": [7, 10.25, 7.25, 10.75], "texture": "#0"},
				"south": {"uv": [7, 10.25, 7.25, 10.75], "texture": "#0"},
				"west": {"uv": [7, 10.25, 7.25, 10.75], "texture": "#0"},
				"up": {"uv": [7, 10.25, 7.25, 10.5], "texture": "#0"},
				"down": {"uv": [7, 10.5, 7.25, 10.75], "texture": "#0"}
			}
		},
		{
			"name": "soul_collector_40",
			"from": [8.125, 5.375, 7.75],
			"to": [8.375, 5.875, 8.25],
			"rotation": {"angle": 0, "axis": "y", "origin": [0.625, 0, 7.875]},
			"faces": {
				"north": {"uv": [8.75, 10.25, 8.5, 10.75], "texture": "#0"},
				"east": {"uv": [8.5, 10.25, 8.75, 10.75], "texture": "#0"},
				"south": {"uv": [8.5, 10.25, 8.75, 10.75], "texture": "#0"},
				"west": {"uv": [8.5, 10.25, 8.75, 10.75], "texture": "#0"},
				"up": {"uv": [8.5, 10.25, 8.75, 10.5], "texture": "#0"},
				"down": {"uv": [8.5, 10.5, 8.75, 10.75], "texture": "#0"}
			}
		},
		{
			"name": "soul_collector_41",
			"from": [9.375, 5.375, 7.75],
			"to": [9.625, 5.625, 8.25],
			"rotation": {"angle": 0, "axis": "y", "origin": [0.625, 0, 7.875]},
			"faces": {
				"north": {"uv": [10, 10.25, 9.75, 10.5], "texture": "#0"},
				"east": {"uv": [9.75, 10.25, 10, 10.5], "texture": "#0"},
				"south": {"uv": [9.75, 10.25, 10, 10.5], "texture": "#0"},
				"west": {"uv": [9.75, 10.25, 10, 10.5], "texture": "#0"},
				"up": {"uv": [9.75, 10.25, 10, 10.5], "texture": "#0"},
				"down": {"uv": [9.75, 10.25, 10, 10.5], "texture": "#0"}
			}
		},
		{
			"name": "soul_collector_42",
			"from": [6.625, 5.125, 7.75],
			"to": [6.875, 5.375, 8.25],
			"rotation": {"angle": 0, "axis": "y", "origin": [0.625, 0, 7.875]},
			"faces": {
				"north": {"uv": [6.25, 10.5, 6, 10.75], "texture": "#0"},
				"east": {"uv": [6, 10.5, 6.25, 10.75], "texture": "#0"},
				"south": {"uv": [6, 10.5, 6.25, 10.75], "texture": "#0"},
				"west": {"uv": [6, 10.5, 6.25, 10.75], "texture": "#0"},
				"up": {"uv": [6, 10.5, 6.25, 10.75], "texture": "#0"},
				"down": {"uv": [6, 10.5, 6.25, 10.75], "texture": "#0"}
			}
		},
		{
			"name": "soul_collector_43",
			"from": [7.375, 5.125, 7.75],
			"to": [7.625, 5.625, 8.25],
			"rotation": {"angle": 0, "axis": "y", "origin": [0.625, 0, 7.875]},
			"faces": {
				"north": {"uv": [7, 10.5, 6.75, 11], "texture": "#0"},
				"east": {"uv": [6.75, 10.5, 7, 11], "texture": "#0"},
				"south": {"uv": [6.75, 10.5, 7, 11], "texture": "#0"},
				"west": {"uv": [6.75, 10.5, 7, 11], "texture": "#0"},
				"up": {"uv": [6.75, 10.5, 7, 10.75], "texture": "#0"},
				"down": {"uv": [6.75, 10.75, 7, 11], "texture": "#0"}
			}
		},
		{
			"name": "soul_collector_44",
			"from": [8.375, 5.125, 7.75],
			"to": [8.625, 5.625, 8.25],
			"rotation": {"angle": 0, "axis": "y", "origin": [0.625, 0, 7.875]},
			"faces": {
				"north": {"uv": [9, 10.5, 8.75, 11], "texture": "#0"},
				"east": {"uv": [8.75, 10.5, 9, 11], "texture": "#0"},
				"south": {"uv": [8.75, 10.5, 9, 11], "texture": "#0"},
				"west": {"uv": [8.75, 10.5, 9, 11], "texture": "#0"},
				"up": {"uv": [8.75, 10.5, 9, 10.75], "texture": "#0"},
				"down": {"uv": [8.75, 10.75, 9, 11], "texture": "#0"}
			}
		},
		{
			"name": "soul_collector_45",
			"from": [9.125, 5.125, 7.75],
			"to": [9.375, 5.375, 8.25],
			"rotation": {"angle": 0, "axis": "y", "origin": [0.625, 0, 7.875]},
			"faces": {
				"north": {"uv": [9.75, 10.5, 9.5, 10.75], "texture": "#0"},
				"east": {"uv": [9.5, 10.5, 9.75, 10.75], "texture": "#0"},
				"south": {"uv": [9.5, 10.5, 9.75, 10.75], "texture": "#0"},
				"west": {"uv": [9.5, 10.5, 9.75, 10.75], "texture": "#0"},
				"up": {"uv": [9.5, 10.5, 9.75, 10.75], "texture": "#0"},
				"down": {"uv": [9.5, 10.5, 9.75, 10.75], "texture": "#0"}
			}
		},
		{
			"name": "soul_collector_46",
			"from": [7.875, 4.875, 7.75],
			"to": [8.125, 5.625, 8.25],
			"rotation": {"angle": 0, "axis": "y", "origin": [0.625, 0, 7.875]},
			"faces": {
				"north": {"uv": [10.75, 10.5, 10.5, 11.25], "texture": "#0"},
				"east": {"uv": [10.5, 10.5, 10.75, 11.25], "texture": "#0"},
				"south": {"uv": [10.5, 10.5, 10.75, 11.25], "texture": "#0"},
				"west": {"uv": [10.5, 10.5, 10.75, 11.25], "texture": "#0"},
				"up": {"uv": [10.5, 10.5, 10.75, 10.75], "texture": "#0"},
				"down": {"uv": [10.5, 11, 10.75, 11.25], "texture": "#0"}
			}
		},
		{
			"name": "soul_collector_47",
			"from": [7.125, 4.875, 7.75],
			"to": [7.375, 5.375, 8.25],
			"rotation": {"angle": 0, "axis": "y", "origin": [0.625, 0, 7.875]},
			"faces": {
				"north": {"uv": [6.75, 10.75, 6.5, 11.25], "texture": "#0"},
				"east": {"uv": [6.5, 10.75, 6.75, 11.25], "texture": "#0"},
				"south": {"uv": [6.5, 10.75, 6.75, 11.25], "texture": "#0"},
				"west": {"uv": [6.5, 10.75, 6.75, 11.25], "texture": "#0"},
				"up": {"uv": [6.5, 10.75, 6.75, 11], "texture": "#0"},
				"down": {"uv": [6.5, 11, 6.75, 11.25], "texture": "#0"}
			}
		},
		{
			"name": "soul_collector_48",
			"from": [8.625, 4.875, 7.75],
			"to": [8.875, 5.375, 8.25],
			"rotation": {"angle": 0, "axis": "y", "origin": [0.625, 0, 7.875]},
			"faces": {
				"north": {"uv": [9.25, 10.75, 9, 11.25], "texture": "#0"},
				"east": {"uv": [9, 10.75, 9.25, 11.25], "texture": "#0"},
				"south": {"uv": [9, 10.75, 9.25, 11.25], "texture": "#0"},
				"west": {"uv": [9, 10.75, 9.25, 11.25], "texture": "#0"},
				"up": {"uv": [9, 10.75, 9.25, 11], "texture": "#0"},
				"down": {"uv": [9, 11, 9.25, 11.25], "texture": "#0"}
			}
		},
		{
			"name": "soul_collector_49",
			"from": [7.625, 4.375, 7.75],
			"to": [7.875, 5.375, 8.25],
			"rotation": {"angle": 0, "axis": "y", "origin": [0.625, 0, 7.875]},
			"faces": {
				"north": {"uv": [10.5, 10.75, 10.25, 11.75], "texture": "#0"},
				"east": {"uv": [10.25, 10.75, 10.5, 11.75], "texture": "#0"},
				"south": {"uv": [10.25, 10.75, 10.5, 11.75], "texture": "#0"},
				"west": {"uv": [10.25, 10.75, 10.5, 11.75], "texture": "#0"},
				"up": {"uv": [10.25, 10.75, 10.5, 11], "texture": "#0"},
				"down": {"uv": [10.25, 11.5, 10.5, 11.75], "texture": "#0"}
			}
		},
		{
			"name": "soul_collector_50",
			"from": [8.125, 4.375, 7.75],
			"to": [8.375, 5.375, 8.25],
			"rotation": {"angle": 0, "axis": "y", "origin": [0.625, 0, 7.875]},
			"faces": {
				"north": {"uv": [11, 10.75, 10.75, 11.75], "texture": "#0"},
				"east": {"uv": [10.75, 10.75, 11, 11.75], "texture": "#0"},
				"south": {"uv": [10.75, 10.75, 11, 11.75], "texture": "#0"},
				"west": {"uv": [10.75, 10.75, 11, 11.75], "texture": "#0"},
				"up": {"uv": [10.75, 10.75, 11, 11], "texture": "#0"},
				"down": {"uv": [10.75, 11.5, 11, 11.75], "texture": "#0"}
			}
		},
		{
			"name": "soul_collector_51",
			"from": [7.875, 2.375, 7.875],
			"to": [8.125, 4.875, 8.125],
			"rotation": {"angle": 0, "axis": "y", "origin": [0.625, 0, 7.875]},
			"faces": {
				"north": {"uv": [8, 11.25, 7.75, 11.75], "texture": "#0"},
				"east": {"uv": [7.75, 11.25, 8, 11.75], "texture": "#0"},
				"south": {"uv": [7.75, 11.25, 8, 11.75], "texture": "#0"},
				"west": {"uv": [7.75, 11.25, 8, 11.75], "texture": "#0"},
				"up": {"uv": [7.75, 11.25, 8, 11.5], "texture": "#0"},
				"down": {"uv": [7.75, 11.5, 8, 11.75], "texture": "#0"}
			}
		},
		{
			"name": "soul_collector_51",
			"from": [7.75, 2.375, 7.75],
			"to": [8.25, 4.375, 8.25],
			"rotation": {"angle": 0, "axis": "y", "origin": [0.625, 0, 7.875]},
			"faces": {
				"north": {"uv": [8, 11.25, 7.75, 11.75], "texture": "#0"},
				"east": {"uv": [7.75, 11.25, 8, 11.75], "texture": "#0"},
				"south": {"uv": [7.75, 11.25, 8, 11.75], "texture": "#0"},
				"west": {"uv": [7.75, 11.25, 8, 11.75], "texture": "#0"},
				"up": {"uv": [7.75, 11.25, 8, 11.5], "texture": "#0"},
				"down": {"uv": [7.75, 11.5, 8, 11.75], "texture": "#0"}
			}
		},
		{
			"name": "soul_collector_52",
			"from": [7.375, 4.625, 7.75],
			"to": [7.625, 4.875, 8.25],
			"rotation": {"angle": 0, "axis": "y", "origin": [0.625, 0, 7.875]},
			"faces": {
				"north": {"uv": [10.25, 11.25, 10, 11.5], "texture": "#0"},
				"east": {"uv": [10, 11.25, 10.25, 11.5], "texture": "#0"},
				"south": {"uv": [10, 11.25, 10.25, 11.5], "texture": "#0"},
				"west": {"uv": [10, 11.25, 10.25, 11.5], "texture": "#0"},
				"up": {"uv": [10, 11.25, 10.25, 11.5], "texture": "#0"},
				"down": {"uv": [10, 11.25, 10.25, 11.5], "texture": "#0"}
			}
		},
		{
			"name": "soul_collector_53",
			"from": [8.375, 4.625, 7.75],
			"to": [8.625, 4.875, 8.25],
			"rotation": {"angle": 0, "axis": "y", "origin": [0.625, 0, 7.875]},
			"faces": {
				"north": {"uv": [11.25, 11.25, 11, 11.5], "texture": "#0"},
				"east": {"uv": [11, 11.25, 11.25, 11.5], "texture": "#0"},
				"south": {"uv": [11, 11.25, 11.25, 11.5], "texture": "#0"},
				"west": {"uv": [11, 11.25, 11.25, 11.5], "texture": "#0"},
				"up": {"uv": [11, 11.25, 11.25, 11.5], "texture": "#0"},
				"down": {"uv": [11, 11.25, 11.25, 11.5], "texture": "#0"}
			}
		},
		{
			"name": "soul_collector_54",
			"from": [7.625, 4.125, 7.625],
			"to": [8.375, 4.375, 8.375],
			"rotation": {"angle": 0, "axis": "y", "origin": [0.625, 0, 7.875]},
			"faces": {
				"north": {"uv": [9.25, 11.75, 8.5, 12], "texture": "#0"},
				"east": {"uv": [9, 11.75, 9.25, 12], "texture": "#0"},
				"south": {"uv": [8.5, 11.75, 9.25, 12], "texture": "#0"},
				"west": {"uv": [8.5, 11.75, 8.75, 12], "texture": "#0"},
				"up": {"uv": [8.5, 11.75, 9.25, 12], "texture": "#0"},
				"down": {"uv": [8.5, 11.75, 9.25, 12], "texture": "#0"}
			}
		},
		{
			"name": "soul_collector_56",
			"from": [7.625, 3.625, 7.625],
			"to": [8.375, 3.875, 8.375],
			"rotation": {"angle": 0, "axis": "y", "origin": [0.625, 0, 7.875]},
			"faces": {
				"north": {"uv": [9.25, 12.25, 8.5, 12.5], "texture": "#0"},
				"east": {"uv": [9, 12.25, 9.25, 12.5], "texture": "#0"},
				"south": {"uv": [8.5, 12.25, 9.25, 12.5], "texture": "#0"},
				"west": {"uv": [8.5, 12.25, 8.75, 12.5], "texture": "#0"},
				"up": {"uv": [8.5, 12.25, 9.25, 12.5], "texture": "#0"},
				"down": {"uv": [8.5, 12.25, 9.25, 12.5], "texture": "#0"}
			}
		},
		{
			"name": "soul_collector_58",
			"from": [7.625, 3.125, 7.625],
			"to": [8.375, 3.375, 8.375],
			"rotation": {"angle": 0, "axis": "y", "origin": [0.625, 0, 7.875]},
			"faces": {
				"north": {"uv": [9.25, 12.75, 8.5, 13], "texture": "#0"},
				"east": {"uv": [9, 12.75, 9.25, 13], "texture": "#0"},
				"south": {"uv": [8.5, 12.75, 9.25, 13], "texture": "#0"},
				"west": {"uv": [8.5, 12.75, 8.75, 13], "texture": "#0"},
				"up": {"uv": [8.5, 12.75, 9.25, 13], "texture": "#0"},
				"down": {"uv": [8.5, 12.75, 9.25, 13], "texture": "#0"}
			}
		},
		{
			"name": "soul_collector_60",
			"from": [7.625, 2.625, 7.625],
			"to": [8.375, 2.875, 8.375],
			"rotation": {"angle": 0, "axis": "y", "origin": [0.625, 0, 7.875]},
			"faces": {
				"north": {"uv": [9.25, 13.25, 8.5, 13.5], "texture": "#0"},
				"east": {"uv": [9, 13.25, 9.25, 13.5], "texture": "#0"},
				"south": {"uv": [8.5, 13.25, 9.25, 13.5], "texture": "#0"},
				"west": {"uv": [8.5, 13.25, 8.75, 13.5], "texture": "#0"},
				"up": {"uv": [8.5, 13.25, 9.25, 13.5], "texture": "#0"},
				"down": {"uv": [8.5, 13.25, 9.25, 13.5], "texture": "#0"}
			}
		},
		{
			"name": "soul_collector_62",
			"from": [7.625, 1.875, 7.625],
			"to": [8.375, 2.375, 8.375],
			"rotation": {"angle": 0, "axis": "y", "origin": [0.625, 0, 7.875]},
			"faces": {
				"north": {"uv": [9.25, 13.75, 8.5, 14.25], "texture": "#0"},
				"east": {"uv": [9, 13.75, 9.25, 14.25], "texture": "#0"},
				"south": {"uv": [8.5, 13.75, 9.25, 14.25], "texture": "#0"},
				"west": {"uv": [8.5, 13.75, 8.75, 14.25], "texture": "#0"},
				"up": {"uv": [8.5, 13.75, 9.25, 14], "texture": "#0"},
				"down": {"uv": [8.5, 14, 9.25, 14.25], "texture": "#0"}
			}
		},
		{
			"name": "soul_collector_63",
			"from": [7, 2.125, 8],
			"to": [9, 2.375, 8],
			"rotation": {"angle": 0, "axis": "y", "origin": [0.625, 0, 7.875]},
			"faces": {
				"north": {"uv": [11.5, 14.25, 9.5, 14.5], "texture": "#0"},
				"east": {"uv": [11.25, 14.25, 11.5, 14.5], "texture": "#0"},
				"south": {"uv": [9.5, 14.25, 11.5, 14.5], "texture": "#0"},
				"west": {"uv": [9.5, 14.25, 9.75, 14.5], "texture": "#0"},
				"up": {"uv": [9.5, 14.25, 11.5, 14.5], "texture": "#0"},
				"down": {"uv": [9.5, 14.25, 11.5, 14.5], "texture": "#0"}
			}
		},
		{
			"name": "soul_collector_64",
			"from": [7.625, 1.125, 8],
			"to": [8.375, 1.875, 8],
			"rotation": {"angle": 0, "axis": "y", "origin": [0.625, 0, 7.875]},
			"faces": {
				"north": {"uv": [14.5, 14.5, 13.75, 15.25], "texture": "#0"},
				"east": {"uv": [14.25, 14.5, 14.5, 15.25], "texture": "#0"},
				"south": {"uv": [13.75, 14.5, 14.5, 15.25], "texture": "#0"},
				"west": {"uv": [13.75, 14.5, 14, 15.25], "texture": "#0"},
				"up": {"uv": [13.75, 14.5, 14.5, 14.75], "texture": "#0"},
				"down": {"uv": [13.75, 15, 14.5, 15.25], "texture": "#0"}
			}
		},
		{
			"name": "soul_collector_65",
			"from": [7.375, 1.375, 8],
			"to": [7.625, 1.625, 8],
			"rotation": {"angle": 0, "axis": "y", "origin": [0.625, 0, 7.875]},
			"faces": {
				"north": {"uv": [13.75, 14.75, 13.5, 15], "texture": "#0"},
				"east": {"uv": [13.5, 14.75, 13.75, 15], "texture": "#0"},
				"south": {"uv": [13.5, 14.75, 13.75, 15], "texture": "#0"},
				"west": {"uv": [13.5, 14.75, 13.75, 15], "texture": "#0"},
				"up": {"uv": [13.5, 14.75, 13.75, 15], "texture": "#0"},
				"down": {"uv": [13.5, 14.75, 13.75, 15], "texture": "#0"}
			}
		},
		{
			"name": "soul_collector_66",
			"from": [8.375, 1.375, 8],
			"to": [8.625, 1.625, 8],
			"rotation": {"angle": 0, "axis": "y", "origin": [0.625, 0, 7.875]},
			"faces": {
				"north": {"uv": [14.75, 14.75, 14.5, 15], "texture": "#0"},
				"east": {"uv": [14.5, 14.75, 14.75, 15], "texture": "#0"},
				"south": {"uv": [14.5, 14.75, 14.75, 15], "texture": "#0"},
				"west": {"uv": [14.5, 14.75, 14.75, 15], "texture": "#0"},
				"up": {"uv": [14.5, 14.75, 14.75, 15], "texture": "#0"},
				"down": {"uv": [14.5, 14.75, 14.75, 15], "texture": "#0"}
			}
		},
		{
			"name": "soul_collector_67",
			"from": [7.375, 0.875, 8],
			"to": [7.625, 1.125, 8],
			"rotation": {"angle": 0, "axis": "y", "origin": [0.625, 0, 7.875]},
			"faces": {
				"north": {"uv": [13.75, 15.25, 13.5, 15.5], "texture": "#0"},
				"east": {"uv": [13.5, 15.25, 13.75, 15.5], "texture": "#0"},
				"south": {"uv": [13.5, 15.25, 13.75, 15.5], "texture": "#0"},
				"west": {"uv": [13.5, 15.25, 13.75, 15.5], "texture": "#0"},
				"up": {"uv": [13.5, 15.25, 13.75, 15.5], "texture": "#0"},
				"down": {"uv": [13.5, 15.25, 13.75, 15.5], "texture": "#0"}
			}
		},
		{
			"name": "soul_collector_68",
			"from": [7.875, 0.375, 8],
			"to": [8.125, 1.125, 8],
			"rotation": {"angle": 0, "axis": "y", "origin": [0.625, 0, 7.875]},
			"faces": {
				"north": {"uv": [14.25, 15.25, 14, 16], "texture": "#0"},
				"east": {"uv": [14, 15.25, 14.25, 16], "texture": "#0"},
				"south": {"uv": [14, 15.25, 14.25, 16], "texture": "#0"},
				"west": {"uv": [14, 15.25, 14.25, 16], "texture": "#0"},
				"up": {"uv": [14, 15.25, 14.25, 15.5], "texture": "#0"},
				"down": {"uv": [14, 15.75, 14.25, 16], "texture": "#0"}
			}
		},
		{
			"name": "soul_collector_69",
			"from": [8.375, 0.875, 8],
			"to": [8.625, 1.125, 8],
			"rotation": {"angle": 0, "axis": "y", "origin": [0.625, 0, 7.875]},
			"faces": {
				"north": {"uv": [14.75, 15.25, 14.5, 15.5], "texture": "#0"},
				"east": {"uv": [14.5, 15.25, 14.75, 15.5], "texture": "#0"},
				"south": {"uv": [14.5, 15.25, 14.75, 15.5], "texture": "#0"},
				"west": {"uv": [14.5, 15.25, 14.75, 15.5], "texture": "#0"},
				"up": {"uv": [14.5, 15.25, 14.75, 15.5], "texture": "#0"},
				"down": {"uv": [14.5, 15.25, 14.75, 15.5], "texture": "#0"}
			}
		},
		{
			"name": "soul_collector_70",
			"from": [7.625, 0.625, 8],
			"to": [7.875, 0.875, 8],
			"rotation": {"angle": 0, "axis": "y", "origin": [0.625, 0, 7.875]},
			"faces": {
				"north": {"uv": [14, 15.5, 13.75, 15.75], "texture": "#0"},
				"east": {"uv": [13.75, 15.5, 14, 15.75], "texture": "#0"},
				"south": {"uv": [13.75, 15.5, 14, 15.75], "texture": "#0"},
				"west": {"uv": [13.75, 15.5, 14, 15.75], "texture": "#0"},
				"up": {"uv": [13.75, 15.5, 14, 15.75], "texture": "#0"},
				"down": {"uv": [13.75, 15.5, 14, 15.75], "texture": "#0"}
			}
		},
		{
			"name": "soul_collector_71",
			"from": [8.125, 0.625, 8],
			"to": [8.375, 0.875, 8],
			"rotation": {"angle": 0, "axis": "y", "origin": [0.625, 0, 7.875]},
			"faces": {
				"north": {"uv": [14.5, 15.5, 14.25, 15.75], "texture": "#0"},
				"east": {"uv": [14.25, 15.5, 14.5, 15.75], "texture": "#0"},
				"south": {"uv": [14.25, 15.5, 14.5, 15.75], "texture": "#0"},
				"west": {"uv": [14.25, 15.5, 14.5, 15.75], "texture": "#0"},
				"up": {"uv": [14.25, 15.5, 14.5, 15.75], "texture": "#0"},
				"down": {"uv": [14.25, 15.5, 14.5, 15.75], "texture": "#0"}
			}
		}
	],
	"gui_light": "front",
	"display": {
		"thirdperson_righthand": {
			"rotation": [0, -90, 0],
			"translation": [0, 10.25, 1.25],
			"scale": [2.8, 2.8, 2.8]
		},
		"thirdperson_lefthand": {
			"rotation": [0, -90, 0],
			"translation": [0, 10.25, 1.25],
			"scale": [2.8, 2.8, 2.8]
		},
		"firstperson_righthand": {
			"rotation": [-10, -70, 0],
			"translation": [1.55, 8, -2],
			"scale": [2, 2, 2]
		},
		"firstperson_lefthand": {
			"rotation": [-10, 100, 0],
			"translation": [1.55, 8, -2],
			"scale": [2, 2, 2]
		},
		"ground": {
			"translation": [0, 7.75, 0],
			"scale": [2, 2, 2]
		},
		"gui": {
			"rotation": [0, 0, -42],
			"translation": [-0.25, -0.25, 0],
			"scale": [1.75, 1.75, 1.75]
		},
		"head": {
			"rotation": [0, 0, -132],
			"translation": [-2.25, -13, 3.5],
			"scale": [3.5, 3.5, 3.5]
		},
		"fixed": {
			"rotation": [-180, 0, 138],
			"translation": [-1.25, 1.75, 0.25],
			"scale": [4, 4, 3]
		}
	},
	"groups": [
		{
			"name": "soul_collector",
			"origin": [8, 8, 8],
			"color": 0,
			"children": [
				0,
				1,
				2,
				3,
				4,
				5,
				6,
				7,
				8,
				9,
				10,
				11,
				12,
				13,
				14,
				15,
				16,
				17,
				18,
				19,
				20,
				21,
				22,
				23,
				24,
				25,
				26,
				27,
				28,
				29,
				30,
				31,
				32,
				33,
				34,
				35,
				36,
				37,
				38,
				39,
				40,
				41,
				42,
				43,
				44,
				45,
				46,
				47,
				48,
				49,
				50,
				51,
				52,
				53,
				54,
				55,
				56,
				57,
				58,
				59,
				60,
				61,
				62,
				63,
				64,
				65,
				66,
				67,
				68
			]
		}
	]
}