{
	"format_version": "1.21.6",
	"credit": "Made with Blockbench",
	"textures": {
		"2": "item/XOXMA/soul_devourer"
	},
	"elements": [
		{
			"name": "soul_devourer_0",
			"from": [7.725, 14, 8.075],
			"to": [7.975, 15.25, 8.075],
			"rotation": {"angle": 0, "axis": "y", "origin": [-1.375, 0, 8.125]},
			"faces": {
				"north": {"uv": [10.75, 0.5, 10.5, 1.75], "texture": "#2"},
				"east": {"uv": [10.5, 0.5, 10.75, 1.75], "texture": "#2"},
				"south": {"uv": [10.5, 0.5, 10.75, 1.75], "texture": "#2"},
				"west": {"uv": [10.5, 0.5, 10.75, 1.75], "texture": "#2"},
				"up": {"uv": [10.5, 0.5, 10.75, 0.75], "texture": "#2"},
				"down": {"uv": [10.5, 1.5, 10.75, 1.75], "texture": "#2"}
			}
		},
		{
			"name": "soul_devourer_1",
			"from": [6.225, 14.75, 8.325],
			"to": [6.475, 15, 8.325],
			"rotation": {"angle": 0, "axis": "y", "origin": [-1.375, 0, 8.125]},
			"faces": {
				"north": {"uv": [9.5, 0.75, 9.25, 1], "texture": "#2"},
				"east": {"uv": [9.25, 0.75, 9.5, 1], "texture": "#2"},
				"south": {"uv": [9.25, 0.75, 9.5, 1], "texture": "#2"},
				"west": {"uv": [9.25, 0.75, 9.5, 1], "texture": "#2"},
				"up": {"uv": [9.25, 0.75, 9.5, 1], "texture": "#2"},
				"down": {"uv": [9.25, 0.75, 9.5, 1], "texture": "#2"}
			}
		},
		{
			"name": "soul_devourer_2",
			"from": [9.225, 14.75, 8.325],
			"to": [9.475, 15, 8.325],
			"rotation": {"angle": 0, "axis": "y", "origin": [-1.375, 0, 8.125]},
			"faces": {
				"north": {"uv": [12.25, 0.75, 12, 1], "texture": "#2"},
				"east": {"uv": [12, 0.75, 12.25, 1], "texture": "#2"},
				"south": {"uv": [12, 0.75, 12.25, 1], "texture": "#2"},
				"west": {"uv": [12, 0.75, 12.25, 1], "texture": "#2"},
				"up": {"uv": [12, 0.75, 12.25, 1], "texture": "#2"},
				"down": {"uv": [12, 0.75, 12.25, 1], "texture": "#2"}
			}
		},
		{
			"name": "soul_devourer_3",
			"from": [5.975, 13.75, 8.325],
			"to": [6.225, 14.75, 8.325],
			"rotation": {"angle": 0, "axis": "y", "origin": [-1.375, 0, 8.125]},
			"faces": {
				"north": {"uv": [9.25, 1, 9, 2], "texture": "#2"},
				"east": {"uv": [9, 1, 9.25, 2], "texture": "#2"},
				"south": {"uv": [9, 1, 9.25, 2], "texture": "#2"},
				"west": {"uv": [9, 1, 9.25, 2], "texture": "#2"},
				"up": {"uv": [9, 1, 9.25, 1.25], "texture": "#2"},
				"down": {"uv": [9, 1.75, 9.25, 2], "texture": "#2"}
			}
		},
		{
			"name": "soul_devourer_4",
			"from": [7.975, 14, 8.075],
			"to": [8.225, 14.75, 8.075],
			"rotation": {"angle": 0, "axis": "y", "origin": [-1.375, 0, 8.125]},
			"faces": {
				"north": {"uv": [11, 1, 10.75, 1.75], "texture": "#2"},
				"east": {"uv": [10.75, 1, 11, 1.75], "texture": "#2"},
				"south": {"uv": [10.75, 1, 11, 1.75], "texture": "#2"},
				"west": {"uv": [10.75, 1, 11, 1.75], "texture": "#2"},
				"up": {"uv": [10.75, 1, 11, 1.25], "texture": "#2"},
				"down": {"uv": [10.75, 1.5, 11, 1.75], "texture": "#2"}
			}
		},
		{
			"name": "soul_devourer_5",
			"from": [9.475, 13.75, 8.325],
			"to": [9.725, 14.75, 8.325],
			"rotation": {"angle": 0, "axis": "y", "origin": [-1.375, 0, 8.125]},
			"faces": {
				"north": {"uv": [12.5, 1, 12.25, 2], "texture": "#2"},
				"east": {"uv": [12.25, 1, 12.5, 2], "texture": "#2"},
				"south": {"uv": [12.25, 1, 12.5, 2], "texture": "#2"},
				"west": {"uv": [12.25, 1, 12.5, 2], "texture": "#2"},
				"up": {"uv": [12.25, 1, 12.5, 1.25], "texture": "#2"},
				"down": {"uv": [12.25, 1.75, 12.5, 2], "texture": "#2"}
			}
		},
		{
			"name": "soul_devourer_6",
			"from": [5.725, 14.25, 8.325],
			"to": [5.975, 14.5, 8.325],
			"rotation": {"angle": 0, "axis": "y", "origin": [-1.375, 0, 8.125]},
			"faces": {
				"north": {"uv": [9, 1.25, 8.75, 1.5], "texture": "#2"},
				"east": {"uv": [8.75, 1.25, 9, 1.5], "texture": "#2"},
				"south": {"uv": [8.75, 1.25, 9, 1.5], "texture": "#2"},
				"west": {"uv": [8.75, 1.25, 9, 1.5], "texture": "#2"},
				"up": {"uv": [8.75, 1.25, 9, 1.5], "texture": "#2"},
				"down": {"uv": [8.75, 1.25, 9, 1.5], "texture": "#2"}
			}
		},
		{
			"name": "soul_devourer_7",
			"from": [7.475, 14.25, 8.075],
			"to": [7.725, 14.5, 8.075],
			"rotation": {"angle": 0, "axis": "y", "origin": [-1.375, 0, 8.125]},
			"faces": {
				"north": {"uv": [10.5, 1.25, 10.25, 1.5], "texture": "#2"},
				"east": {"uv": [10.25, 1.25, 10.5, 1.5], "texture": "#2"},
				"south": {"uv": [10.25, 1.25, 10.5, 1.5], "texture": "#2"},
				"west": {"uv": [10.25, 1.25, 10.5, 1.5], "texture": "#2"},
				"up": {"uv": [10.25, 1.25, 10.5, 1.5], "texture": "#2"},
				"down": {"uv": [10.25, 1.25, 10.5, 1.5], "texture": "#2"}
			}
		},
		{
			"name": "soul_devourer_8",
			"from": [9.725, 14.25, 8.325],
			"to": [9.975, 14.5, 8.325],
			"rotation": {"angle": 0, "axis": "y", "origin": [-1.375, 0, 8.125]},
			"faces": {
				"north": {"uv": [12.75, 1.25, 12.5, 1.5], "texture": "#2"},
				"east": {"uv": [12.5, 1.25, 12.75, 1.5], "texture": "#2"},
				"south": {"uv": [12.5, 1.25, 12.75, 1.5], "texture": "#2"},
				"west": {"uv": [12.5, 1.25, 12.75, 1.5], "texture": "#2"},
				"up": {"uv": [12.5, 1.25, 12.75, 1.5], "texture": "#2"},
				"down": {"uv": [12.5, 1.25, 12.75, 1.5], "texture": "#2"}
			}
		},
		{
			"name": "soul_devourer_9",
			"from": [6.225, 13.75, 8.325],
			"to": [6.475, 14.25, 8.325],
			"rotation": {"angle": 0, "axis": "y", "origin": [-1.375, 0, 8.125]},
			"faces": {
				"north": {"uv": [9.5, 1.5, 9.25, 2], "texture": "#2"},
				"east": {"uv": [9.25, 1.5, 9.5, 2], "texture": "#2"},
				"south": {"uv": [9.25, 1.5, 9.5, 2], "texture": "#2"},
				"west": {"uv": [9.25, 1.5, 9.5, 2], "texture": "#2"},
				"up": {"uv": [9.25, 1.5, 9.5, 1.75], "texture": "#2"},
				"down": {"uv": [9.25, 1.75, 9.5, 2], "texture": "#2"}
			}
		},
		{
			"name": "soul_devourer_10",
			"from": [9.225, 13.75, 8.325],
			"to": [9.475, 14.25, 8.325],
			"rotation": {"angle": 0, "axis": "y", "origin": [-1.375, 0, 8.125]},
			"faces": {
				"north": {"uv": [12.25, 1.5, 12, 2], "texture": "#2"},
				"east": {"uv": [12, 1.5, 12.25, 2], "texture": "#2"},
				"south": {"uv": [12, 1.5, 12.25, 2], "texture": "#2"},
				"west": {"uv": [12, 1.5, 12.25, 2], "texture": "#2"},
				"up": {"uv": [12, 1.5, 12.25, 1.75], "texture": "#2"},
				"down": {"uv": [12, 1.75, 12.25, 2], "texture": "#2"}
			}
		},
		{
			"name": "soul_devourer_11",
			"from": [4.975, 14, 8.075],
			"to": [5.225, 14.25, 8.075],
			"rotation": {"angle": 0, "axis": "y", "origin": [-1.375, 0, 8.125]},
			"faces": {
				"north": {"uv": [3.5, 1.75, 3.25, 2], "texture": "#2"},
				"east": {"uv": [3.25, 1.75, 3.5, 2], "texture": "#2"},
				"south": {"uv": [3.25, 1.75, 3.5, 2], "texture": "#2"},
				"west": {"uv": [3.25, 1.75, 3.5, 2], "texture": "#2"},
				"up": {"uv": [3.25, 1.75, 3.5, 2], "texture": "#2"},
				"down": {"uv": [3.25, 1.75, 3.5, 2], "texture": "#2"}
			}
		},
		{
			"name": "soul_devourer_12",
			"from": [6.475, 13.75, 8.325],
			"to": [6.725, 14, 8.325],
			"rotation": {"angle": 0, "axis": "y", "origin": [-1.375, 0, 8.125]},
			"faces": {
				"north": {"uv": [9.75, 1.75, 9.5, 2], "texture": "#2"},
				"east": {"uv": [9.5, 1.75, 9.75, 2], "texture": "#2"},
				"south": {"uv": [9.5, 1.75, 9.75, 2], "texture": "#2"},
				"west": {"uv": [9.5, 1.75, 9.75, 2], "texture": "#2"},
				"up": {"uv": [9.5, 1.75, 9.75, 2], "texture": "#2"},
				"down": {"uv": [9.5, 1.75, 9.75, 2], "texture": "#2"}
			}
		},
		{
			"name": "soul_devourer_2",
			"from": [6.225, 14.75, 7.825],
			"to": [6.475, 15, 7.825],
			"rotation": {"angle": 0, "axis": "y", "origin": [-1.375, 0, 8.125]},
			"faces": {
				"north": {"uv": [9.5, 0.75, 9.25, 1], "texture": "#2"},
				"east": {"uv": [9.25, 0.75, 9.5, 1], "texture": "#2"},
				"south": {"uv": [9.25, 0.75, 9.5, 1], "texture": "#2"},
				"west": {"uv": [9.25, 0.75, 9.5, 1], "texture": "#2"},
				"up": {"uv": [9.25, 0.75, 9.5, 1], "texture": "#2"},
				"down": {"uv": [9.25, 0.75, 9.5, 1], "texture": "#2"}
			}
		},
		{
			"name": "soul_devourer_4",
			"from": [5.975, 13.75, 7.825],
			"to": [6.225, 14.75, 7.825],
			"rotation": {"angle": 0, "axis": "y", "origin": [-1.375, 0, 8.125]},
			"faces": {
				"north": {"uv": [9.25, 1, 9, 2], "texture": "#2"},
				"east": {"uv": [9, 1, 9.25, 2], "texture": "#2"},
				"south": {"uv": [9, 1, 9.25, 2], "texture": "#2"},
				"west": {"uv": [9, 1, 9.25, 2], "texture": "#2"},
				"up": {"uv": [9, 1, 9.25, 1.25], "texture": "#2"},
				"down": {"uv": [9, 1.75, 9.25, 2], "texture": "#2"}
			}
		},
		{
			"name": "soul_devourer_7",
			"from": [5.725, 14.25, 7.825],
			"to": [5.975, 14.5, 7.825],
			"rotation": {"angle": 0, "axis": "y", "origin": [-1.375, 0, 8.125]},
			"faces": {
				"north": {"uv": [9, 1.25, 8.75, 1.5], "texture": "#2"},
				"east": {"uv": [8.75, 1.25, 9, 1.5], "texture": "#2"},
				"south": {"uv": [8.75, 1.25, 9, 1.5], "texture": "#2"},
				"west": {"uv": [8.75, 1.25, 9, 1.5], "texture": "#2"},
				"up": {"uv": [8.75, 1.25, 9, 1.5], "texture": "#2"},
				"down": {"uv": [8.75, 1.25, 9, 1.5], "texture": "#2"}
			}
		},
		{
			"name": "soul_devourer_10",
			"from": [6.225, 13.75, 7.825],
			"to": [6.475, 14.25, 7.825],
			"rotation": {"angle": 0, "axis": "y", "origin": [-1.375, 0, 8.125]},
			"faces": {
				"north": {"uv": [9.5, 1.5, 9.25, 2], "texture": "#2"},
				"east": {"uv": [9.25, 1.5, 9.5, 2], "texture": "#2"},
				"south": {"uv": [9.25, 1.5, 9.5, 2], "texture": "#2"},
				"west": {"uv": [9.25, 1.5, 9.5, 2], "texture": "#2"},
				"up": {"uv": [9.25, 1.5, 9.5, 1.75], "texture": "#2"},
				"down": {"uv": [9.25, 1.75, 9.5, 2], "texture": "#2"}
			}
		},
		{
			"name": "soul_devourer_13",
			"from": [6.475, 13.75, 7.825],
			"to": [6.725, 14, 7.825],
			"rotation": {"angle": 0, "axis": "y", "origin": [-1.375, 0, 8.125]},
			"faces": {
				"north": {"uv": [9.75, 1.75, 9.5, 2], "texture": "#2"},
				"east": {"uv": [9.5, 1.75, 9.75, 2], "texture": "#2"},
				"south": {"uv": [9.5, 1.75, 9.75, 2], "texture": "#2"},
				"west": {"uv": [9.5, 1.75, 9.75, 2], "texture": "#2"},
				"up": {"uv": [9.5, 1.75, 9.75, 2], "texture": "#2"},
				"down": {"uv": [9.5, 1.75, 9.75, 2], "texture": "#2"}
			}
		},
		{
			"name": "soul_devourer_15",
			"from": [8.975, 13.75, 8.325],
			"to": [9.225, 14, 8.325],
			"rotation": {"angle": 0, "axis": "y", "origin": [-1.375, 0, 8.125]},
			"faces": {
				"north": {"uv": [12, 1.75, 11.75, 2], "texture": "#2"},
				"east": {"uv": [11.75, 1.75, 12, 2], "texture": "#2"},
				"south": {"uv": [11.75, 1.75, 12, 2], "texture": "#2"},
				"west": {"uv": [11.75, 1.75, 12, 2], "texture": "#2"},
				"up": {"uv": [11.75, 1.75, 12, 2], "texture": "#2"},
				"down": {"uv": [11.75, 1.75, 12, 2], "texture": "#2"}
			}
		},
		{
			"name": "soul_devourer_3",
			"from": [9.225, 14.75, 7.575],
			"to": [9.475, 15, 7.575],
			"rotation": {"angle": 0, "axis": "y", "origin": [-1.375, 0, 8.125]},
			"faces": {
				"north": {"uv": [12.25, 0.75, 12, 1], "texture": "#2"},
				"east": {"uv": [12, 0.75, 12.25, 1], "texture": "#2"},
				"south": {"uv": [12, 0.75, 12.25, 1], "texture": "#2"},
				"west": {"uv": [12, 0.75, 12.25, 1], "texture": "#2"},
				"up": {"uv": [12, 0.75, 12.25, 1], "texture": "#2"},
				"down": {"uv": [12, 0.75, 12.25, 1], "texture": "#2"}
			}
		},
		{
			"name": "soul_devourer_6",
			"from": [9.475, 13.75, 7.575],
			"to": [9.725, 14.75, 7.575],
			"rotation": {"angle": 0, "axis": "y", "origin": [-1.375, 0, 8.125]},
			"faces": {
				"north": {"uv": [12.5, 1, 12.25, 2], "texture": "#2"},
				"east": {"uv": [12.25, 1, 12.5, 2], "texture": "#2"},
				"south": {"uv": [12.25, 1, 12.5, 2], "texture": "#2"},
				"west": {"uv": [12.25, 1, 12.5, 2], "texture": "#2"},
				"up": {"uv": [12.25, 1, 12.5, 1.25], "texture": "#2"},
				"down": {"uv": [12.25, 1.75, 12.5, 2], "texture": "#2"}
			}
		},
		{
			"name": "soul_devourer_9",
			"from": [9.725, 14.25, 7.575],
			"to": [9.975, 14.5, 7.575],
			"rotation": {"angle": 0, "axis": "y", "origin": [-1.375, 0, 8.125]},
			"faces": {
				"north": {"uv": [12.75, 1.25, 12.5, 1.5], "texture": "#2"},
				"east": {"uv": [12.5, 1.25, 12.75, 1.5], "texture": "#2"},
				"south": {"uv": [12.5, 1.25, 12.75, 1.5], "texture": "#2"},
				"west": {"uv": [12.5, 1.25, 12.75, 1.5], "texture": "#2"},
				"up": {"uv": [12.5, 1.25, 12.75, 1.5], "texture": "#2"},
				"down": {"uv": [12.5, 1.25, 12.75, 1.5], "texture": "#2"}
			}
		},
		{
			"name": "soul_devourer_11",
			"from": [9.225, 13.75, 7.575],
			"to": [9.475, 14.25, 7.575],
			"rotation": {"angle": 0, "axis": "y", "origin": [-1.375, 0, 8.125]},
			"faces": {
				"north": {"uv": [12.25, 1.5, 12, 2], "texture": "#2"},
				"east": {"uv": [12, 1.5, 12.25, 2], "texture": "#2"},
				"south": {"uv": [12, 1.5, 12.25, 2], "texture": "#2"},
				"west": {"uv": [12, 1.5, 12.25, 2], "texture": "#2"},
				"up": {"uv": [12, 1.5, 12.25, 1.75], "texture": "#2"},
				"down": {"uv": [12, 1.75, 12.25, 2], "texture": "#2"}
			}
		},
		{
			"name": "soul_devourer_16",
			"from": [8.975, 13.75, 7.575],
			"to": [9.225, 14, 7.575],
			"rotation": {"angle": 0, "axis": "y", "origin": [-1.375, 0, 8.125]},
			"faces": {
				"north": {"uv": [12, 1.75, 11.75, 2], "texture": "#2"},
				"east": {"uv": [11.75, 1.75, 12, 2], "texture": "#2"},
				"south": {"uv": [11.75, 1.75, 12, 2], "texture": "#2"},
				"west": {"uv": [11.75, 1.75, 12, 2], "texture": "#2"},
				"up": {"uv": [11.75, 1.75, 12, 2], "texture": "#2"},
				"down": {"uv": [11.75, 1.75, 12, 2], "texture": "#2"}
			}
		},
		{
			"name": "soul_devourer_16",
			"from": [5.225, 12.5, 8.075],
			"to": [5.725, 14, 8.075],
			"rotation": {"angle": 0, "axis": "y", "origin": [-1.375, 0, 8.125]},
			"faces": {
				"north": {"uv": [4, 2, 3.5, 3.5], "texture": "#2"},
				"east": {"uv": [3.75, 2, 4, 3.5], "texture": "#2"},
				"south": {"uv": [3.5, 2, 4, 3.5], "texture": "#2"},
				"west": {"uv": [3.5, 2, 3.75, 3.5], "texture": "#2"},
				"up": {"uv": [3.5, 2, 4, 2.25], "texture": "#2"},
				"down": {"uv": [3.5, 3.25, 4, 3.5], "texture": "#2"}
			}
		},
		{
			"name": "soul_devourer_17",
			"from": [5.975, 12, 8.075],
			"to": [6.225, 14, 8.075],
			"rotation": {"angle": 0, "axis": "y", "origin": [-1.375, 0, 8.125]},
			"faces": {
				"north": {"uv": [4.5, 2, 4.25, 4], "texture": "#2"},
				"east": {"uv": [4.25, 2, 4.5, 4], "texture": "#2"},
				"south": {"uv": [4.25, 2, 4.5, 4], "texture": "#2"},
				"west": {"uv": [4.25, 2, 4.5, 4], "texture": "#2"},
				"up": {"uv": [4.25, 2, 4.5, 2.25], "texture": "#2"},
				"down": {"uv": [4.25, 3.75, 4.5, 4], "texture": "#2"}
			}
		},
		{
			"name": "soul_devourer_18",
			"from": [7.475, 11.25, 7.825],
			"to": [8.225, 14, 8.325],
			"rotation": {"angle": 0, "axis": "y", "origin": [-1.375, 0, 8.125]},
			"faces": {
				"north": {"uv": [11, 2, 10.25, 4.75], "texture": "#2"},
				"east": {"uv": [10.75, 2, 11, 4.75], "texture": "#2"},
				"south": {"uv": [10.25, 2, 11, 4.75], "texture": "#2"},
				"west": {"uv": [10.25, 2, 10.5, 4.75], "texture": "#2"},
				"up": {"uv": [10.25, 2, 11, 2.25], "texture": "#2"},
				"down": {"uv": [10.25, 4.5, 11, 4.75], "texture": "#2"}
			}
		},
		{
			"name": "soul_devourer_19",
			"from": [4.975, 11.75, 8.075],
			"to": [5.225, 13.75, 8.075],
			"rotation": {"angle": 0, "axis": "y", "origin": [-1.375, 0, 8.125]},
			"faces": {
				"north": {"uv": [3.5, 2.25, 3.25, 4.25], "texture": "#2"},
				"east": {"uv": [3.25, 2.25, 3.5, 4.25], "texture": "#2"},
				"south": {"uv": [3.25, 2.25, 3.5, 4.25], "texture": "#2"},
				"west": {"uv": [3.25, 2.25, 3.5, 4.25], "texture": "#2"},
				"up": {"uv": [3.25, 2.25, 3.5, 2.5], "texture": "#2"},
				"down": {"uv": [3.25, 4, 3.5, 4.25], "texture": "#2"}
			}
		},
		{
			"name": "soul_devourer_20",
			"from": [5.725, 12.25, 8.075],
			"to": [5.975, 13.75, 8.075],
			"rotation": {"angle": 0, "axis": "y", "origin": [-1.375, 0, 8.125]},
			"faces": {
				"north": {"uv": [4.25, 2.25, 4, 3.75], "texture": "#2"},
				"east": {"uv": [4, 2.25, 4.25, 3.75], "texture": "#2"},
				"south": {"uv": [4, 2.25, 4.25, 3.75], "texture": "#2"},
				"west": {"uv": [4, 2.25, 4.25, 3.75], "texture": "#2"},
				"up": {"uv": [4, 2.25, 4.25, 2.5], "texture": "#2"},
				"down": {"uv": [4, 3.5, 4.25, 3.75], "texture": "#2"}
			}
		},
		{
			"name": "soul_devourer_21",
			"from": [6.225, 12.25, 8.075],
			"to": [6.475, 13.75, 8.075],
			"rotation": {"angle": 0, "axis": "y", "origin": [-1.375, 0, 8.125]},
			"faces": {
				"north": {"uv": [4.75, 2.25, 4.5, 3.75], "texture": "#2"},
				"east": {"uv": [4.5, 2.25, 4.75, 3.75], "texture": "#2"},
				"south": {"uv": [4.5, 2.25, 4.75, 3.75], "texture": "#2"},
				"west": {"uv": [4.5, 2.25, 4.75, 3.75], "texture": "#2"},
				"up": {"uv": [4.5, 2.25, 4.75, 2.5], "texture": "#2"},
				"down": {"uv": [4.5, 3.5, 4.75, 3.75], "texture": "#2"}
			}
		},
		{
			"name": "soul_devourer_22",
			"from": [6.475, 13.5, 7.825],
			"to": [7.475, 13.75, 8.325],
			"rotation": {"angle": 0, "axis": "y", "origin": [-1.375, 0, 8.125]},
			"faces": {
				"north": {"uv": [10.25, 2.25, 9.25, 2.5], "texture": "#2"},
				"east": {"uv": [10, 2.25, 10.25, 2.5], "texture": "#2"},
				"south": {"uv": [9.25, 2.25, 10.25, 2.5], "texture": "#2"},
				"west": {"uv": [9.25, 2.25, 9.5, 2.5], "texture": "#2"},
				"up": {"uv": [9.25, 2.25, 10.25, 2.5], "texture": "#2"},
				"down": {"uv": [9.25, 2.25, 10.25, 2.5], "texture": "#2"}
			}
		},
		{
			"name": "soul_devourer_23",
			"from": [8.225, 12.75, 7.825],
			"to": [8.975, 13.75, 8.325],
			"rotation": {"angle": 0, "axis": "y", "origin": [-1.375, 0, 8.125]},
			"faces": {
				"north": {"uv": [11.75, 2.25, 11, 3.25], "texture": "#2"},
				"east": {"uv": [11.5, 2.25, 11.75, 3.25], "texture": "#2"},
				"south": {"uv": [11, 2.25, 11.75, 3.25], "texture": "#2"},
				"west": {"uv": [11, 2.25, 11.25, 3.25], "texture": "#2"},
				"up": {"uv": [11, 2.25, 11.75, 2.5], "texture": "#2"},
				"down": {"uv": [11, 3, 11.75, 3.25], "texture": "#2"}
			}
		},
		{
			"name": "soul_devourer_24",
			"from": [8.975, 13.5, 7.825],
			"to": [9.225, 13.75, 8.325],
			"rotation": {"angle": 0, "axis": "y", "origin": [-1.375, 0, 8.125]},
			"faces": {
				"north": {"uv": [12, 2.25, 11.75, 2.5], "texture": "#2"},
				"east": {"uv": [11.75, 2.25, 12, 2.5], "texture": "#2"},
				"south": {"uv": [11.75, 2.25, 12, 2.5], "texture": "#2"},
				"west": {"uv": [11.75, 2.25, 12, 2.5], "texture": "#2"},
				"up": {"uv": [11.75, 2.25, 12, 2.5], "texture": "#2"},
				"down": {"uv": [11.75, 2.25, 12, 2.5], "texture": "#2"}
			}
		},
		{
			"name": "soul_devourer_25",
			"from": [9.225, 13, 8.075],
			"to": [9.975, 13.75, 8.075],
			"rotation": {"angle": 0, "axis": "y", "origin": [-1.375, 0, 8.125]},
			"faces": {
				"north": {"uv": [14.25, 2.25, 13.5, 3], "texture": "#2"},
				"east": {"uv": [14, 2.25, 14.25, 3], "texture": "#2"},
				"south": {"uv": [13.5, 2.25, 14.25, 3], "texture": "#2"},
				"west": {"uv": [13.5, 2.25, 13.75, 3], "texture": "#2"},
				"up": {"uv": [13.5, 2.25, 14.25, 2.5], "texture": "#2"},
				"down": {"uv": [13.5, 2.75, 14.25, 3], "texture": "#2"}
			}
		},
		{
			"name": "soul_devourer_26",
			"from": [3.975, 12.25, 8.075],
			"to": [4.975, 13.5, 8.075],
			"rotation": {"angle": 0, "axis": "y", "origin": [-1.375, 0, 8.125]},
			"faces": {
				"north": {"uv": [3.25, 2.5, 2.25, 3.75], "texture": "#2"},
				"east": {"uv": [3, 2.5, 3.25, 3.75], "texture": "#2"},
				"south": {"uv": [2.25, 2.5, 3.25, 3.75], "texture": "#2"},
				"west": {"uv": [2.25, 2.5, 2.5, 3.75], "texture": "#2"},
				"up": {"uv": [2.25, 2.5, 3.25, 2.75], "texture": "#2"},
				"down": {"uv": [2.25, 3.5, 3.25, 3.75], "texture": "#2"}
			}
		},
		{
			"name": "soul_devourer_27",
			"from": [6.475, 12.5, 8.075],
			"to": [6.725, 13.5, 8.075],
			"rotation": {"angle": 0, "axis": "y", "origin": [-1.375, 0, 8.125]},
			"faces": {
				"north": {"uv": [5, 2.5, 4.75, 3.5], "texture": "#2"},
				"east": {"uv": [4.75, 2.5, 5, 3.5], "texture": "#2"},
				"south": {"uv": [4.75, 2.5, 5, 3.5], "texture": "#2"},
				"west": {"uv": [4.75, 2.5, 5, 3.5], "texture": "#2"},
				"up": {"uv": [4.75, 2.5, 5, 2.75], "texture": "#2"},
				"down": {"uv": [4.75, 3.25, 5, 3.5], "texture": "#2"}
			}
		},
		{
			"name": "soul_devourer_28",
			"from": [6.725, 13.25, 7.825],
			"to": [7.475, 13.5, 8.325],
			"rotation": {"angle": 0, "axis": "y", "origin": [-1.375, 0, 8.125]},
			"faces": {
				"north": {"uv": [10.25, 2.5, 9.5, 2.75], "texture": "#2"},
				"east": {"uv": [10, 2.5, 10.25, 2.75], "texture": "#2"},
				"south": {"uv": [9.5, 2.5, 10.25, 2.75], "texture": "#2"},
				"west": {"uv": [9.5, 2.5, 9.75, 2.75], "texture": "#2"},
				"up": {"uv": [9.5, 2.5, 10.25, 2.75], "texture": "#2"},
				"down": {"uv": [9.5, 2.5, 10.25, 2.75], "texture": "#2"}
			}
		},
		{
			"name": "soul_devourer_29",
			"from": [8.975, 12.75, 8.075],
			"to": [9.225, 13.5, 8.075],
			"rotation": {"angle": 0, "axis": "y", "origin": [-1.375, 0, 8.125]},
			"faces": {
				"north": {"uv": [13.5, 2.5, 13.25, 3.25], "texture": "#2"},
				"east": {"uv": [13.25, 2.5, 13.5, 3.25], "texture": "#2"},
				"south": {"uv": [13.25, 2.5, 13.5, 3.25], "texture": "#2"},
				"west": {"uv": [13.25, 2.5, 13.5, 3.25], "texture": "#2"},
				"up": {"uv": [13.25, 2.5, 13.5, 2.75], "texture": "#2"},
				"down": {"uv": [13.25, 3, 13.5, 3.25], "texture": "#2"}
			}
		},
		{
			"name": "soul_devourer_30",
			"from": [9.975, 12.75, 8.075],
			"to": [10.725, 13.5, 8.075],
			"rotation": {"angle": 0, "axis": "y", "origin": [-1.375, 0, 8.125]},
			"faces": {
				"north": {"uv": [15, 2.5, 14.25, 3.25], "texture": "#2"},
				"east": {"uv": [14.75, 2.5, 15, 3.25], "texture": "#2"},
				"south": {"uv": [14.25, 2.5, 15, 3.25], "texture": "#2"},
				"west": {"uv": [14.25, 2.5, 14.5, 3.25], "texture": "#2"},
				"up": {"uv": [14.25, 2.5, 15, 2.75], "texture": "#2"},
				"down": {"uv": [14.25, 3, 15, 3.25], "texture": "#2"}
			}
		},
		{
			"name": "soul_devourer_31",
			"from": [3.475, 12, 8.075],
			"to": [3.975, 13.25, 8.075],
			"rotation": {"angle": 0, "axis": "y", "origin": [-1.375, 0, 8.125]},
			"faces": {
				"north": {"uv": [2.25, 2.75, 1.75, 4], "texture": "#2"},
				"east": {"uv": [2, 2.75, 2.25, 4], "texture": "#2"},
				"south": {"uv": [1.75, 2.75, 2.25, 4], "texture": "#2"},
				"west": {"uv": [1.75, 2.75, 2, 4], "texture": "#2"},
				"up": {"uv": [1.75, 2.75, 2.25, 3], "texture": "#2"},
				"down": {"uv": [1.75, 3.75, 2.25, 4], "texture": "#2"}
			}
		},
		{
			"name": "soul_devourer_32",
			"from": [6.725, 12.5, 8.075],
			"to": [6.975, 13.25, 8.075],
			"rotation": {"angle": 0, "axis": "y", "origin": [-1.375, 0, 8.125]},
			"faces": {
				"north": {"uv": [5.25, 2.75, 5, 3.5], "texture": "#2"},
				"east": {"uv": [5, 2.75, 5.25, 3.5], "texture": "#2"},
				"south": {"uv": [5, 2.75, 5.25, 3.5], "texture": "#2"},
				"west": {"uv": [5, 2.75, 5.25, 3.5], "texture": "#2"},
				"up": {"uv": [5, 2.75, 5.25, 3], "texture": "#2"},
				"down": {"uv": [5, 3.25, 5.25, 3.5], "texture": "#2"}
			}
		},
		{
			"name": "soul_devourer_33",
			"from": [6.975, 12.5, 7.825],
			"to": [7.475, 13.25, 8.325],
			"rotation": {"angle": 0, "axis": "y", "origin": [-1.375, 0, 8.125]},
			"faces": {
				"north": {"uv": [10.25, 2.75, 9.75, 3.5], "texture": "#2"},
				"east": {"uv": [10, 2.75, 10.25, 3.5], "texture": "#2"},
				"south": {"uv": [9.75, 2.75, 10.25, 3.5], "texture": "#2"},
				"west": {"uv": [9.75, 2.75, 10, 3.5], "texture": "#2"},
				"up": {"uv": [9.75, 2.75, 10.25, 3], "texture": "#2"},
				"down": {"uv": [9.75, 3.25, 10.25, 3.5], "texture": "#2"}
			}
		},
		{
			"name": "soul_devourer_34",
			"from": [10.725, 12.5, 8.075],
			"to": [10.975, 13.25, 8.075],
			"rotation": {"angle": 0, "axis": "y", "origin": [-1.375, 0, 8.125]},
			"faces": {
				"north": {"uv": [15.25, 2.75, 15, 3.5], "texture": "#2"},
				"east": {"uv": [15, 2.75, 15.25, 3.5], "texture": "#2"},
				"south": {"uv": [15, 2.75, 15.25, 3.5], "texture": "#2"},
				"west": {"uv": [15, 2.75, 15.25, 3.5], "texture": "#2"},
				"up": {"uv": [15, 2.75, 15.25, 3], "texture": "#2"},
				"down": {"uv": [15, 3.25, 15.25, 3.5], "texture": "#2"}
			}
		},
		{
			"name": "soul_devourer_35",
			"from": [3.225, 11.75, 8.075],
			"to": [3.475, 13, 8.075],
			"rotation": {"angle": 0, "axis": "y", "origin": [-1.375, 0, 8.125]},
			"faces": {
				"north": {"uv": [1.75, 3, 1.5, 4.25], "texture": "#2"},
				"east": {"uv": [1.5, 3, 1.75, 4.25], "texture": "#2"},
				"south": {"uv": [1.5, 3, 1.75, 4.25], "texture": "#2"},
				"west": {"uv": [1.5, 3, 1.75, 4.25], "texture": "#2"},
				"up": {"uv": [1.5, 3, 1.75, 3.25], "texture": "#2"},
				"down": {"uv": [1.5, 4, 1.75, 4.25], "texture": "#2"}
			}
		},
		{
			"name": "soul_devourer_36",
			"from": [9.225, 12.75, 8.075],
			"to": [9.475, 13, 8.075],
			"rotation": {"angle": 0, "axis": "y", "origin": [-1.375, 0, 8.125]},
			"faces": {
				"north": {"uv": [13.75, 3, 13.5, 3.25], "texture": "#2"},
				"east": {"uv": [13.5, 3, 13.75, 3.25], "texture": "#2"},
				"south": {"uv": [13.5, 3, 13.75, 3.25], "texture": "#2"},
				"west": {"uv": [13.5, 3, 13.75, 3.25], "texture": "#2"},
				"up": {"uv": [13.5, 3, 13.75, 3.25], "texture": "#2"},
				"down": {"uv": [13.5, 3, 13.75, 3.25], "texture": "#2"}
			}
		},
		{
			"name": "soul_devourer_37",
			"from": [9.725, 12.75, 8.075],
			"to": [9.975, 13, 8.075],
			"rotation": {"angle": 0, "axis": "y", "origin": [-1.375, 0, 8.125]},
			"faces": {
				"north": {"uv": [14.25, 3, 14, 3.25], "texture": "#2"},
				"east": {"uv": [14, 3, 14.25, 3.25], "texture": "#2"},
				"south": {"uv": [14, 3, 14.25, 3.25], "texture": "#2"},
				"west": {"uv": [14, 3, 14.25, 3.25], "texture": "#2"},
				"up": {"uv": [14, 3, 14.25, 3.25], "texture": "#2"},
				"down": {"uv": [14, 3, 14.25, 3.25], "texture": "#2"}
			}
		},
		{
			"name": "soul_devourer_38",
			"from": [10.975, 12.25, 8.075],
			"to": [11.225, 13, 8.075],
			"rotation": {"angle": 0, "axis": "y", "origin": [-1.375, 0, 8.125]},
			"faces": {
				"north": {"uv": [15.5, 3, 15.25, 3.75], "texture": "#2"},
				"east": {"uv": [15.25, 3, 15.5, 3.75], "texture": "#2"},
				"south": {"uv": [15.25, 3, 15.5, 3.75], "texture": "#2"},
				"west": {"uv": [15.25, 3, 15.5, 3.75], "texture": "#2"},
				"up": {"uv": [15.25, 3, 15.5, 3.25], "texture": "#2"},
				"down": {"uv": [15.25, 3.5, 15.5, 3.75], "texture": "#2"}
			}
		},
		{
			"name": "soul_devourer_39",
			"from": [2.975, 11.5, 8.075],
			"to": [3.225, 12.75, 8.075],
			"rotation": {"angle": 0, "axis": "y", "origin": [-1.375, 0, 8.125]},
			"faces": {
				"north": {"uv": [1.5, 3.25, 1.25, 4.5], "texture": "#2"},
				"east": {"uv": [1.25, 3.25, 1.5, 4.5], "texture": "#2"},
				"south": {"uv": [1.25, 3.25, 1.5, 4.5], "texture": "#2"},
				"west": {"uv": [1.25, 3.25, 1.5, 4.5], "texture": "#2"},
				"up": {"uv": [1.25, 3.25, 1.5, 3.5], "texture": "#2"},
				"down": {"uv": [1.25, 4.25, 1.5, 4.5], "texture": "#2"}
			}
		},
		{
			"name": "soul_devourer_40",
			"from": [8.225, 12.25, 7.825],
			"to": [8.725, 12.75, 8.325],
			"rotation": {"angle": 0, "axis": "y", "origin": [-1.375, 0, 8.125]},
			"faces": {
				"north": {"uv": [11.5, 3.25, 11, 3.75], "texture": "#2"},
				"east": {"uv": [11.25, 3.25, 11.5, 3.75], "texture": "#2"},
				"south": {"uv": [11, 3.25, 11.5, 3.75], "texture": "#2"},
				"west": {"uv": [11, 3.25, 11.25, 3.75], "texture": "#2"},
				"up": {"uv": [11, 3.25, 11.5, 3.5], "texture": "#2"},
				"down": {"uv": [11, 3.5, 11.5, 3.75], "texture": "#2"}
			}
		},
		{
			"name": "soul_devourer_41",
			"from": [9.475, 12, 8.075],
			"to": [9.725, 12.75, 8.075],
			"rotation": {"angle": 0, "axis": "y", "origin": [-1.375, 0, 8.125]},
			"faces": {
				"north": {"uv": [12.75, 3.25, 12.5, 4], "texture": "#2"},
				"east": {"uv": [12.5, 3.25, 12.75, 4], "texture": "#2"},
				"south": {"uv": [12.5, 3.25, 12.75, 4], "texture": "#2"},
				"west": {"uv": [12.5, 3.25, 12.75, 4], "texture": "#2"},
				"up": {"uv": [12.5, 3.25, 12.75, 3.5], "texture": "#2"},
				"down": {"uv": [12.5, 3.75, 12.75, 4], "texture": "#2"}
			}
		},
		{
			"name": "soul_devourer_42",
			"from": [10.475, 12.5, 8.075],
			"to": [10.725, 12.75, 8.075],
			"rotation": {"angle": 0, "axis": "y", "origin": [-1.375, 0, 8.125]},
			"faces": {
				"north": {"uv": [15, 3.25, 14.75, 3.5], "texture": "#2"},
				"east": {"uv": [14.75, 3.25, 15, 3.5], "texture": "#2"},
				"south": {"uv": [14.75, 3.25, 15, 3.5], "texture": "#2"},
				"west": {"uv": [14.75, 3.25, 15, 3.5], "texture": "#2"},
				"up": {"uv": [14.75, 3.25, 15, 3.5], "texture": "#2"},
				"down": {"uv": [14.75, 3.25, 15, 3.5], "texture": "#2"}
			}
		},
		{
			"name": "soul_devourer_43",
			"from": [11.225, 12.25, 8.075],
			"to": [11.475, 12.75, 8.075],
			"rotation": {"angle": 0, "axis": "y", "origin": [-1.375, 0, 8.125]},
			"faces": {
				"north": {"uv": [15.75, 3.25, 15.5, 3.75], "texture": "#2"},
				"east": {"uv": [15.5, 3.25, 15.75, 3.75], "texture": "#2"},
				"south": {"uv": [15.5, 3.25, 15.75, 3.75], "texture": "#2"},
				"west": {"uv": [15.5, 3.25, 15.75, 3.75], "texture": "#2"},
				"up": {"uv": [15.5, 3.25, 15.75, 3.5], "texture": "#2"},
				"down": {"uv": [15.5, 3.5, 15.75, 3.75], "texture": "#2"}
			}
		},
		{
			"name": "soul_devourer_44",
			"from": [2.725, 11.5, 8.075],
			"to": [2.975, 12.5, 8.075],
			"rotation": {"angle": 0, "axis": "y", "origin": [-1.375, 0, 8.125]},
			"faces": {
				"north": {"uv": [1.25, 3.5, 1, 4.5], "texture": "#2"},
				"east": {"uv": [1, 3.5, 1.25, 4.5], "texture": "#2"},
				"south": {"uv": [1, 3.5, 1.25, 4.5], "texture": "#2"},
				"west": {"uv": [1, 3.5, 1.25, 4.5], "texture": "#2"},
				"up": {"uv": [1, 3.5, 1.25, 3.75], "texture": "#2"},
				"down": {"uv": [1, 4.25, 1.25, 4.5], "texture": "#2"}
			}
		},
		{
			"name": "soul_devourer_45",
			"from": [5.225, 12.25, 8.075],
			"to": [5.475, 12.5, 8.075],
			"rotation": {"angle": 0, "axis": "y", "origin": [-1.375, 0, 8.125]},
			"faces": {
				"north": {"uv": [3.75, 3.5, 3.5, 3.75], "texture": "#2"},
				"east": {"uv": [3.5, 3.5, 3.75, 3.75], "texture": "#2"},
				"south": {"uv": [3.5, 3.5, 3.75, 3.75], "texture": "#2"},
				"west": {"uv": [3.5, 3.5, 3.75, 3.75], "texture": "#2"},
				"up": {"uv": [3.5, 3.5, 3.75, 3.75], "texture": "#2"},
				"down": {"uv": [3.5, 3.5, 3.75, 3.75], "texture": "#2"}
			}
		},
		{
			"name": "soul_devourer_46",
			"from": [6.975, 12, 8.075],
			"to": [7.225, 12.5, 8.075],
			"rotation": {"angle": 0, "axis": "y", "origin": [-1.375, 0, 8.125]},
			"faces": {
				"north": {"uv": [5.5, 3.5, 5.25, 4], "texture": "#2"},
				"east": {"uv": [5.25, 3.5, 5.5, 4], "texture": "#2"},
				"south": {"uv": [5.25, 3.5, 5.5, 4], "texture": "#2"},
				"west": {"uv": [5.25, 3.5, 5.5, 4], "texture": "#2"},
				"up": {"uv": [5.25, 3.5, 5.5, 3.75], "texture": "#2"},
				"down": {"uv": [5.25, 3.75, 5.5, 4], "texture": "#2"}
			}
		},
		{
			"name": "soul_devourer_47",
			"from": [7.225, 12.25, 7.825],
			"to": [7.475, 12.5, 8.325],
			"rotation": {"angle": 0, "axis": "y", "origin": [-1.375, 0, 8.125]},
			"faces": {
				"north": {"uv": [10.25, 3.5, 10, 3.75], "texture": "#2"},
				"east": {"uv": [10, 3.5, 10.25, 3.75], "texture": "#2"},
				"south": {"uv": [10, 3.5, 10.25, 3.75], "texture": "#2"},
				"west": {"uv": [10, 3.5, 10.25, 3.75], "texture": "#2"},
				"up": {"uv": [10, 3.5, 10.25, 3.75], "texture": "#2"},
				"down": {"uv": [10, 3.5, 10.25, 3.75], "texture": "#2"}
			}
		},
		{
			"name": "soul_devourer_48",
			"from": [9.725, 12.25, 8.075],
			"to": [10.225, 12.5, 8.075],
			"rotation": {"angle": 0, "axis": "y", "origin": [-1.375, 0, 8.125]},
			"faces": {
				"north": {"uv": [13.25, 3.5, 12.75, 3.75], "texture": "#2"},
				"east": {"uv": [13, 3.5, 13.25, 3.75], "texture": "#2"},
				"south": {"uv": [12.75, 3.5, 13.25, 3.75], "texture": "#2"},
				"west": {"uv": [12.75, 3.5, 13, 3.75], "texture": "#2"},
				"up": {"uv": [12.75, 3.5, 13.25, 3.75], "texture": "#2"},
				"down": {"uv": [12.75, 3.5, 13.25, 3.75], "texture": "#2"}
			}
		},
		{
			"name": "soul_devourer_49",
			"from": [2.475, 11.25, 8.075],
			"to": [2.725, 12.25, 8.075],
			"rotation": {"angle": 0, "axis": "y", "origin": [-1.375, 0, 8.125]},
			"faces": {
				"north": {"uv": [1, 3.75, 0.75, 4.75], "texture": "#2"},
				"east": {"uv": [0.75, 3.75, 1, 4.75], "texture": "#2"},
				"south": {"uv": [0.75, 3.75, 1, 4.75], "texture": "#2"},
				"west": {"uv": [0.75, 3.75, 1, 4.75], "texture": "#2"},
				"up": {"uv": [0.75, 3.75, 1, 4], "texture": "#2"},
				"down": {"uv": [0.75, 4.5, 1, 4.75], "texture": "#2"}
			}
		},
		{
			"name": "soul_devourer_50",
			"from": [4.725, 12, 8.075],
			"to": [4.975, 12.25, 8.075],
			"rotation": {"angle": 0, "axis": "y", "origin": [-1.375, 0, 8.125]},
			"faces": {
				"north": {"uv": [3.25, 3.75, 3, 4], "texture": "#2"},
				"east": {"uv": [3, 3.75, 3.25, 4], "texture": "#2"},
				"south": {"uv": [3, 3.75, 3.25, 4], "texture": "#2"},
				"west": {"uv": [3, 3.75, 3.25, 4], "texture": "#2"},
				"up": {"uv": [3, 3.75, 3.25, 4], "texture": "#2"},
				"down": {"uv": [3, 3.75, 3.25, 4], "texture": "#2"}
			}
		},
		{
			"name": "soul_devourer_51",
			"from": [7.225, 12, 8.075],
			"to": [7.475, 12.25, 8.075],
			"rotation": {"angle": 0, "axis": "y", "origin": [-1.375, 0, 8.125]},
			"faces": {
				"north": {"uv": [5.75, 3.75, 5.5, 4], "texture": "#2"},
				"east": {"uv": [5.5, 3.75, 5.75, 4], "texture": "#2"},
				"south": {"uv": [5.5, 3.75, 5.75, 4], "texture": "#2"},
				"west": {"uv": [5.5, 3.75, 5.75, 4], "texture": "#2"},
				"up": {"uv": [5.5, 3.75, 5.75, 4], "texture": "#2"},
				"down": {"uv": [5.5, 3.75, 5.75, 4], "texture": "#2"}
			}
		},
		{
			"name": "soul_devourer_52",
			"from": [8.225, 11.25, 7.825],
			"to": [8.475, 12.25, 8.325],
			"rotation": {"angle": 0, "axis": "y", "origin": [-1.375, 0, 8.125]},
			"faces": {
				"north": {"uv": [11.25, 3.75, 11, 4.75], "texture": "#2"},
				"east": {"uv": [11, 3.75, 11.25, 4.75], "texture": "#2"},
				"south": {"uv": [11, 3.75, 11.25, 4.75], "texture": "#2"},
				"west": {"uv": [11, 3.75, 11.25, 4.75], "texture": "#2"},
				"up": {"uv": [11, 3.75, 11.25, 4], "texture": "#2"},
				"down": {"uv": [11, 4.5, 11.25, 4.75], "texture": "#2"}
			}
		},
		{
			"name": "soul_devourer_53",
			"from": [2.225, 11, 8.075],
			"to": [2.475, 12, 8.075],
			"rotation": {"angle": 0, "axis": "y", "origin": [-1.375, 0, 8.125]},
			"faces": {
				"north": {"uv": [0.75, 4, 0.5, 5], "texture": "#2"},
				"east": {"uv": [0.5, 4, 0.75, 5], "texture": "#2"},
				"south": {"uv": [0.5, 4, 0.75, 5], "texture": "#2"},
				"west": {"uv": [0.5, 4, 0.75, 5], "texture": "#2"},
				"up": {"uv": [0.5, 4, 0.75, 4.25], "texture": "#2"},
				"down": {"uv": [0.5, 4.75, 0.75, 5], "texture": "#2"}
			}
		},
		{
			"name": "soul_devourer_54",
			"from": [3.475, 11.5, 8.075],
			"to": [3.725, 12, 8.075],
			"rotation": {"angle": 0, "axis": "y", "origin": [-1.375, 0, 8.125]},
			"faces": {
				"north": {"uv": [2, 4, 1.75, 4.5], "texture": "#2"},
				"east": {"uv": [1.75, 4, 2, 4.5], "texture": "#2"},
				"south": {"uv": [1.75, 4, 2, 4.5], "texture": "#2"},
				"west": {"uv": [1.75, 4, 2, 4.5], "texture": "#2"},
				"up": {"uv": [1.75, 4, 2, 4.25], "texture": "#2"},
				"down": {"uv": [1.75, 4.25, 2, 4.5], "texture": "#2"}
			}
		},
		{
			"name": "soul_devourer_55",
			"from": [7.225, 11.5, 7.825],
			"to": [7.475, 12, 8.325],
			"rotation": {"angle": 0, "axis": "y", "origin": [-1.375, 0, 8.125]},
			"faces": {
				"north": {"uv": [10.25, 4, 10, 4.5], "texture": "#2"},
				"east": {"uv": [10, 4, 10.25, 4.5], "texture": "#2"},
				"south": {"uv": [10, 4, 10.25, 4.5], "texture": "#2"},
				"west": {"uv": [10, 4, 10.25, 4.5], "texture": "#2"},
				"up": {"uv": [10, 4, 10.25, 4.25], "texture": "#2"},
				"down": {"uv": [10, 4.25, 10.25, 4.5], "texture": "#2"}
			}
		},
		{
			"name": "soul_devourer_56",
			"from": [9.225, 11.5, 8.075],
			"to": [9.475, 12, 8.075],
			"rotation": {"angle": 0, "axis": "y", "origin": [-1.375, 0, 8.125]},
			"faces": {
				"north": {"uv": [12.5, 4, 12.25, 4.5], "texture": "#2"},
				"east": {"uv": [12.25, 4, 12.5, 4.5], "texture": "#2"},
				"south": {"uv": [12.25, 4, 12.5, 4.5], "texture": "#2"},
				"west": {"uv": [12.25, 4, 12.5, 4.5], "texture": "#2"},
				"up": {"uv": [12.25, 4, 12.5, 4.25], "texture": "#2"},
				"down": {"uv": [12.25, 4.25, 12.5, 4.5], "texture": "#2"}
			}
		},
		{
			"name": "soul_devourer_57",
			"from": [8.475, 11.5, 7.825],
			"to": [8.725, 11.75, 8.325],
			"rotation": {"angle": 0, "axis": "y", "origin": [-1.375, 0, 8.125]},
			"faces": {
				"north": {"uv": [11.5, 4.25, 11.25, 4.5], "texture": "#2"},
				"east": {"uv": [11.25, 4.25, 11.5, 4.5], "texture": "#2"},
				"south": {"uv": [11.25, 4.25, 11.5, 4.5], "texture": "#2"},
				"west": {"uv": [11.25, 4.25, 11.5, 4.5], "texture": "#2"},
				"up": {"uv": [11.25, 4.25, 11.5, 4.5], "texture": "#2"},
				"down": {"uv": [11.25, 4.25, 11.5, 4.5], "texture": "#2"}
			}
		},
		{
			"name": "soul_devourer_58",
			"from": [8.725, 11.5, 8.075],
			"to": [9.225, 11.75, 8.075],
			"rotation": {"angle": 0, "axis": "y", "origin": [-1.375, 0, 8.125]},
			"faces": {
				"north": {"uv": [12.25, 4.25, 11.75, 4.5], "texture": "#2"},
				"east": {"uv": [12, 4.25, 12.25, 4.5], "texture": "#2"},
				"south": {"uv": [11.75, 4.25, 12.25, 4.5], "texture": "#2"},
				"west": {"uv": [11.75, 4.25, 12, 4.5], "texture": "#2"},
				"up": {"uv": [11.75, 4.25, 12.25, 4.5], "texture": "#2"},
				"down": {"uv": [11.75, 4.25, 12.25, 4.5], "texture": "#2"}
			}
		},
		{
			"name": "soul_devourer_59",
			"from": [9.475, 11.25, 8.075],
			"to": [9.725, 11.75, 8.075],
			"rotation": {"angle": 0, "axis": "y", "origin": [-1.375, 0, 8.125]},
			"faces": {
				"north": {"uv": [12.75, 4.25, 12.5, 4.75], "texture": "#2"},
				"east": {"uv": [12.5, 4.25, 12.75, 4.75], "texture": "#2"},
				"south": {"uv": [12.5, 4.25, 12.75, 4.75], "texture": "#2"},
				"west": {"uv": [12.5, 4.25, 12.75, 4.75], "texture": "#2"},
				"up": {"uv": [12.5, 4.25, 12.75, 4.5], "texture": "#2"},
				"down": {"uv": [12.5, 4.5, 12.75, 4.75], "texture": "#2"}
			}
		},
		{
			"name": "soul_devourer_60",
			"from": [1.975, 10.75, 8.075],
			"to": [2.225, 11.5, 8.075],
			"rotation": {"angle": 0, "axis": "y", "origin": [-1.375, 0, 8.125]},
			"faces": {
				"north": {"uv": [0.5, 4.5, 0.25, 5.25], "texture": "#2"},
				"east": {"uv": [0.25, 4.5, 0.5, 5.25], "texture": "#2"},
				"south": {"uv": [0.25, 4.5, 0.5, 5.25], "texture": "#2"},
				"west": {"uv": [0.25, 4.5, 0.5, 5.25], "texture": "#2"},
				"up": {"uv": [0.25, 4.5, 0.5, 4.75], "texture": "#2"},
				"down": {"uv": [0.25, 5, 0.5, 5.25], "texture": "#2"}
			}
		},
		{
			"name": "soul_devourer_61",
			"from": [8.725, 11, 8.075],
			"to": [8.975, 11.5, 8.075],
			"rotation": {"angle": 0, "axis": "y", "origin": [-1.375, 0, 8.125]},
			"faces": {
				"north": {"uv": [12, 4.5, 11.75, 5], "texture": "#2"},
				"east": {"uv": [11.75, 4.5, 12, 5], "texture": "#2"},
				"south": {"uv": [11.75, 4.5, 12, 5], "texture": "#2"},
				"west": {"uv": [11.75, 4.5, 12, 5], "texture": "#2"},
				"up": {"uv": [11.75, 4.5, 12, 4.75], "texture": "#2"},
				"down": {"uv": [11.75, 4.75, 12, 5], "texture": "#2"}
			}
		},
		{
			"name": "soul_devourer_62",
			"from": [9.725, 11.25, 8.075],
			"to": [9.975, 11.5, 8.075],
			"rotation": {"angle": 0, "axis": "y", "origin": [-1.375, 0, 8.125]},
			"faces": {
				"north": {"uv": [13, 4.5, 12.75, 4.75], "texture": "#2"},
				"east": {"uv": [12.75, 4.5, 13, 4.75], "texture": "#2"},
				"south": {"uv": [12.75, 4.5, 13, 4.75], "texture": "#2"},
				"west": {"uv": [12.75, 4.5, 13, 4.75], "texture": "#2"},
				"up": {"uv": [12.75, 4.5, 13, 4.75], "texture": "#2"},
				"down": {"uv": [12.75, 4.5, 13, 4.75], "texture": "#2"}
			}
		},
		{
			"name": "soul_devourer_63",
			"from": [7.725, 11, 7.825],
			"to": [8.225, 11.25, 8.325],
			"rotation": {"angle": 0, "axis": "y", "origin": [-1.375, 0, 8.125]},
			"faces": {
				"north": {"uv": [11, 4.75, 10.5, 5], "texture": "#2"},
				"east": {"uv": [10.75, 4.75, 11, 5], "texture": "#2"},
				"south": {"uv": [10.5, 4.75, 11, 5], "texture": "#2"},
				"west": {"uv": [10.5, 4.75, 10.75, 5], "texture": "#2"},
				"up": {"uv": [10.5, 4.75, 11, 5], "texture": "#2"},
				"down": {"uv": [10.5, 4.75, 11, 5], "texture": "#2"}
			}
		},
		{
			"name": "soul_devourer_64",
			"from": [1.725, 10.25, 8.075],
			"to": [1.975, 11, 8.075],
			"rotation": {"angle": 0, "axis": "y", "origin": [-1.375, 0, 8.125]},
			"faces": {
				"north": {"uv": [0.25, 5, 0, 5.75], "texture": "#2"},
				"east": {"uv": [0, 5, 0.25, 5.75], "texture": "#2"},
				"south": {"uv": [0, 5, 0.25, 5.75], "texture": "#2"},
				"west": {"uv": [0, 5, 0.25, 5.75], "texture": "#2"},
				"up": {"uv": [0, 5, 0.25, 5.25], "texture": "#2"},
				"down": {"uv": [0, 5.5, 0.25, 5.75], "texture": "#2"}
			}
		},
		{
			"name": "soul_devourer_65",
			"from": [6.975, 10.5, 8.075],
			"to": [8.975, 10.75, 8.075],
			"rotation": {"angle": 0, "axis": "y", "origin": [-1.375, 0, 8.125]},
			"faces": {
				"north": {"uv": [14, 5, 12, 5.25], "texture": "#2"},
				"east": {"uv": [13.75, 5, 14, 5.25], "texture": "#2"},
				"south": {"uv": [12, 5, 14, 5.25], "texture": "#2"},
				"west": {"uv": [12, 5, 12.25, 5.25], "texture": "#2"},
				"up": {"uv": [12, 5, 14, 5.25], "texture": "#2"},
				"down": {"uv": [12, 5, 14, 5.25], "texture": "#2"}
			}
		},
		{
			"name": "soul_devourer_66",
			"from": [7.6, 10.5, 7.7],
			"to": [8.35, 11, 8.45],
			"rotation": {"angle": 0, "axis": "y", "origin": [-1.375, 0, 8.125]},
			"faces": {
				"north": {"uv": [15, 5, 14.25, 5.5], "texture": "#2"},
				"east": {"uv": [14.75, 5, 15, 5.5], "texture": "#2"},
				"south": {"uv": [14.25, 5, 15, 5.5], "texture": "#2"},
				"west": {"uv": [14.25, 5, 14.5, 5.5], "texture": "#2"},
				"up": {"uv": [14.25, 5, 15, 5.25], "texture": "#2"},
				"down": {"uv": [14.25, 5.25, 15, 5.5], "texture": "#2"}
			}
		},
		{
			"name": "soul_devourer_67",
			"from": [7.725, 10.25, 7.825],
			"to": [8.225, 10.5, 8.325],
			"rotation": {"angle": 0, "axis": "y", "origin": [-1.375, 0, 8.125]},
			"faces": {
				"north": {"uv": [11, 5.5, 10.5, 5.75], "texture": "#2"},
				"east": {"uv": [10.75, 5.5, 11, 5.75], "texture": "#2"},
				"south": {"uv": [10.5, 5.5, 11, 5.75], "texture": "#2"},
				"west": {"uv": [10.5, 5.5, 10.75, 5.75], "texture": "#2"},
				"up": {"uv": [10.5, 5.5, 11, 5.75], "texture": "#2"},
				"down": {"uv": [10.5, 5.5, 11, 5.75], "texture": "#2"}
			}
		},
		{
			"name": "soul_devourer_68",
			"from": [6.975, 10, 8.075],
			"to": [8.975, 10.25, 8.075],
			"rotation": {"angle": 0, "axis": "y", "origin": [-1.375, 0, 8.125]},
			"faces": {
				"north": {"uv": [14, 5.5, 12, 5.75], "texture": "#2"},
				"east": {"uv": [13.75, 5.5, 14, 5.75], "texture": "#2"},
				"south": {"uv": [12, 5.5, 14, 5.75], "texture": "#2"},
				"west": {"uv": [12, 5.5, 12.25, 5.75], "texture": "#2"},
				"up": {"uv": [12, 5.5, 14, 5.75], "texture": "#2"},
				"down": {"uv": [12, 5.5, 14, 5.75], "texture": "#2"}
			}
		},
		{
			"name": "soul_devourer_69",
			"from": [7.6, 10, 7.7],
			"to": [8.35, 10.25, 8.45],
			"rotation": {"angle": 0, "axis": "y", "origin": [-1.375, 0, 8.125]},
			"faces": {
				"north": {"uv": [15, 5.75, 14.25, 6], "texture": "#2"},
				"east": {"uv": [14.75, 5.75, 15, 6], "texture": "#2"},
				"south": {"uv": [14.25, 5.75, 15, 6], "texture": "#2"},
				"west": {"uv": [14.25, 5.75, 14.5, 6], "texture": "#2"},
				"up": {"uv": [14.25, 5.75, 15, 6], "texture": "#2"},
				"down": {"uv": [14.25, 5.75, 15, 6], "texture": "#2"}
			}
		},
		{
			"name": "soul_devourer_70",
			"from": [7.725, 9.75, 7.825],
			"to": [8.225, 10, 8.325],
			"rotation": {"angle": 0, "axis": "y", "origin": [-1.375, 0, 8.125]},
			"faces": {
				"north": {"uv": [11, 6, 10.5, 6.25], "texture": "#2"},
				"east": {"uv": [10.75, 6, 11, 6.25], "texture": "#2"},
				"south": {"uv": [10.5, 6, 11, 6.25], "texture": "#2"},
				"west": {"uv": [10.5, 6, 10.75, 6.25], "texture": "#2"},
				"up": {"uv": [10.5, 6, 11, 6.25], "texture": "#2"},
				"down": {"uv": [10.5, 6, 11, 6.25], "texture": "#2"}
			}
		},
		{
			"name": "soul_devourer_71",
			"from": [7.6, 9.5, 7.7],
			"to": [8.35, 9.75, 8.45],
			"rotation": {"angle": 0, "axis": "y", "origin": [-1.375, 0, 8.125]},
			"faces": {
				"north": {"uv": [12.25, 6.25, 11.5, 6.5], "texture": "#2"},
				"east": {"uv": [12, 6.25, 12.25, 6.5], "texture": "#2"},
				"south": {"uv": [11.5, 6.25, 12.25, 6.5], "texture": "#2"},
				"west": {"uv": [11.5, 6.25, 11.75, 6.5], "texture": "#2"},
				"up": {"uv": [11.5, 6.25, 12.25, 6.5], "texture": "#2"},
				"down": {"uv": [11.5, 6.25, 12.25, 6.5], "texture": "#2"}
			}
		},
		{
			"name": "soul_devourer_72",
			"from": [7.725, 9.25, 7.825],
			"to": [8.225, 9.5, 8.325],
			"rotation": {"angle": 0, "axis": "y", "origin": [-1.375, 0, 8.125]},
			"faces": {
				"north": {"uv": [11, 6.5, 10.5, 6.75], "texture": "#2"},
				"east": {"uv": [10.75, 6.5, 11, 6.75], "texture": "#2"},
				"south": {"uv": [10.5, 6.5, 11, 6.75], "texture": "#2"},
				"west": {"uv": [10.5, 6.5, 10.75, 6.75], "texture": "#2"},
				"up": {"uv": [10.5, 6.5, 11, 6.75], "texture": "#2"},
				"down": {"uv": [10.5, 6.5, 11, 6.75], "texture": "#2"}
			}
		},
		{
			"name": "soul_devourer_73",
			"from": [7.6, 9, 7.7],
			"to": [8.35, 9.25, 8.45],
			"rotation": {"angle": 0, "axis": "y", "origin": [-1.375, 0, 8.125]},
			"faces": {
				"north": {"uv": [12.25, 6.75, 11.5, 7], "texture": "#2"},
				"east": {"uv": [12, 6.75, 12.25, 7], "texture": "#2"},
				"south": {"uv": [11.5, 6.75, 12.25, 7], "texture": "#2"},
				"west": {"uv": [11.5, 6.75, 11.75, 7], "texture": "#2"},
				"up": {"uv": [11.5, 6.75, 12.25, 7], "texture": "#2"},
				"down": {"uv": [11.5, 6.75, 12.25, 7], "texture": "#2"}
			}
		},
		{
			"name": "soul_devourer_74",
			"from": [7.725, 8.75, 7.825],
			"to": [8.225, 9, 8.325],
			"rotation": {"angle": 0, "axis": "y", "origin": [-1.375, 0, 8.125]},
			"faces": {
				"north": {"uv": [11, 7, 10.5, 7.25], "texture": "#2"},
				"east": {"uv": [10.75, 7, 11, 7.25], "texture": "#2"},
				"south": {"uv": [10.5, 7, 11, 7.25], "texture": "#2"},
				"west": {"uv": [10.5, 7, 10.75, 7.25], "texture": "#2"},
				"up": {"uv": [10.5, 7, 11, 7.25], "texture": "#2"},
				"down": {"uv": [10.5, 7, 11, 7.25], "texture": "#2"}
			}
		},
		{
			"name": "soul_devourer_75",
			"from": [7.6, 8.5, 7.7],
			"to": [8.35, 8.75, 8.45],
			"rotation": {"angle": 0, "axis": "y", "origin": [-1.375, 0, 8.125]},
			"faces": {
				"north": {"uv": [12.25, 7.25, 11.5, 7.5], "texture": "#2"},
				"east": {"uv": [12, 7.25, 12.25, 7.5], "texture": "#2"},
				"south": {"uv": [11.5, 7.25, 12.25, 7.5], "texture": "#2"},
				"west": {"uv": [11.5, 7.25, 11.75, 7.5], "texture": "#2"},
				"up": {"uv": [11.5, 7.25, 12.25, 7.5], "texture": "#2"},
				"down": {"uv": [11.5, 7.25, 12.25, 7.5], "texture": "#2"}
			}
		},
		{
			"name": "soul_devourer_76",
			"from": [7.725, 5.25, 7.825],
			"to": [8.225, 8.5, 8.325],
			"rotation": {"angle": 0, "axis": "y", "origin": [-1.375, 0, 8.125]},
			"faces": {
				"north": {"uv": [11, 7.5, 10.5, 10.75], "texture": "#2"},
				"east": {"uv": [10.75, 7.5, 11, 10.75], "texture": "#2"},
				"south": {"uv": [10.5, 7.5, 11, 10.75], "texture": "#2"},
				"west": {"uv": [10.5, 7.5, 10.75, 10.75], "texture": "#2"},
				"up": {"uv": [10.5, 7.5, 11, 7.75], "texture": "#2"},
				"down": {"uv": [10.5, 10.5, 11, 10.75], "texture": "#2"}
			}
		},
		{
			"name": "soul_devourer_77",
			"from": [7.6, 5, 7.7],
			"to": [8.35, 5.25, 8.45],
			"rotation": {"angle": 0, "axis": "y", "origin": [-1.375, 0, 8.125]},
			"faces": {
				"north": {"uv": [12.25, 10.75, 11.5, 11], "texture": "#2"},
				"east": {"uv": [12, 10.75, 12.25, 11], "texture": "#2"},
				"south": {"uv": [11.5, 10.75, 12.25, 11], "texture": "#2"},
				"west": {"uv": [11.5, 10.75, 11.75, 11], "texture": "#2"},
				"up": {"uv": [11.5, 10.75, 12.25, 11], "texture": "#2"},
				"down": {"uv": [11.5, 10.75, 12.25, 11], "texture": "#2"}
			}
		},
		{
			"name": "soul_devourer_78",
			"from": [7.725, 4.75, 7.825],
			"to": [8.225, 5, 8.325],
			"rotation": {"angle": 0, "axis": "y", "origin": [-1.375, 0, 8.125]},
			"faces": {
				"north": {"uv": [11, 11, 10.5, 11.25], "texture": "#2"},
				"east": {"uv": [10.75, 11, 11, 11.25], "texture": "#2"},
				"south": {"uv": [10.5, 11, 11, 11.25], "texture": "#2"},
				"west": {"uv": [10.5, 11, 10.75, 11.25], "texture": "#2"},
				"up": {"uv": [10.5, 11, 11, 11.25], "texture": "#2"},
				"down": {"uv": [10.5, 11, 11, 11.25], "texture": "#2"}
			}
		},
		{
			"name": "soul_devourer_79",
			"from": [7.6, 4.5, 7.7],
			"to": [8.35, 4.75, 8.45],
			"rotation": {"angle": 0, "axis": "y", "origin": [-1.375, 0, 8.125]},
			"faces": {
				"north": {"uv": [12.25, 11.25, 11.5, 11.5], "texture": "#2"},
				"east": {"uv": [12, 11.25, 12.25, 11.5], "texture": "#2"},
				"south": {"uv": [11.5, 11.25, 12.25, 11.5], "texture": "#2"},
				"west": {"uv": [11.5, 11.25, 11.75, 11.5], "texture": "#2"},
				"up": {"uv": [11.5, 11.25, 12.25, 11.5], "texture": "#2"},
				"down": {"uv": [11.5, 11.25, 12.25, 11.5], "texture": "#2"}
			}
		},
		{
			"name": "soul_devourer_80",
			"from": [7.725, 4.25, 7.825],
			"to": [8.225, 4.5, 8.325],
			"rotation": {"angle": 0, "axis": "y", "origin": [-1.375, 0, 8.125]},
			"faces": {
				"north": {"uv": [11, 11.5, 10.5, 11.75], "texture": "#2"},
				"east": {"uv": [10.75, 11.5, 11, 11.75], "texture": "#2"},
				"south": {"uv": [10.5, 11.5, 11, 11.75], "texture": "#2"},
				"west": {"uv": [10.5, 11.5, 10.75, 11.75], "texture": "#2"},
				"up": {"uv": [10.5, 11.5, 11, 11.75], "texture": "#2"},
				"down": {"uv": [10.5, 11.5, 11, 11.75], "texture": "#2"}
			}
		},
		{
			"name": "soul_devourer_81",
			"from": [7.6, 4, 7.7],
			"to": [8.35, 4.25, 8.45],
			"rotation": {"angle": 0, "axis": "y", "origin": [-1.375, 0, 8.125]},
			"faces": {
				"north": {"uv": [12.25, 11.75, 11.5, 12], "texture": "#2"},
				"east": {"uv": [12, 11.75, 12.25, 12], "texture": "#2"},
				"south": {"uv": [11.5, 11.75, 12.25, 12], "texture": "#2"},
				"west": {"uv": [11.5, 11.75, 11.75, 12], "texture": "#2"},
				"up": {"uv": [11.5, 11.75, 12.25, 12], "texture": "#2"},
				"down": {"uv": [11.5, 11.75, 12.25, 12], "texture": "#2"}
			}
		},
		{
			"name": "soul_devourer_82",
			"from": [7.725, 3.75, 7.825],
			"to": [8.225, 4, 8.325],
			"rotation": {"angle": 0, "axis": "y", "origin": [-1.375, 0, 8.125]},
			"faces": {
				"north": {"uv": [11, 12, 10.5, 12.25], "texture": "#2"},
				"east": {"uv": [10.75, 12, 11, 12.25], "texture": "#2"},
				"south": {"uv": [10.5, 12, 11, 12.25], "texture": "#2"},
				"west": {"uv": [10.5, 12, 10.75, 12.25], "texture": "#2"},
				"up": {"uv": [10.5, 12, 11, 12.25], "texture": "#2"},
				"down": {"uv": [10.5, 12, 11, 12.25], "texture": "#2"}
			}
		},
		{
			"name": "soul_devourer_83",
			"from": [7.6, 3.5, 7.7],
			"to": [8.35, 3.75, 8.45],
			"rotation": {"angle": 0, "axis": "y", "origin": [-1.375, 0, 8.125]},
			"faces": {
				"north": {"uv": [12.25, 12.25, 11.5, 12.5], "texture": "#2"},
				"east": {"uv": [12, 12.25, 12.25, 12.5], "texture": "#2"},
				"south": {"uv": [11.5, 12.25, 12.25, 12.5], "texture": "#2"},
				"west": {"uv": [11.5, 12.25, 11.75, 12.5], "texture": "#2"},
				"up": {"uv": [11.5, 12.25, 12.25, 12.5], "texture": "#2"},
				"down": {"uv": [11.5, 12.25, 12.25, 12.5], "texture": "#2"}
			}
		},
		{
			"name": "soul_devourer_84",
			"from": [7.725, 3.25, 7.825],
			"to": [8.225, 3.5, 8.325],
			"rotation": {"angle": 0, "axis": "y", "origin": [-1.375, 0, 8.125]},
			"faces": {
				"north": {"uv": [11, 12.5, 10.5, 12.75], "texture": "#2"},
				"east": {"uv": [10.75, 12.5, 11, 12.75], "texture": "#2"},
				"south": {"uv": [10.5, 12.5, 11, 12.75], "texture": "#2"},
				"west": {"uv": [10.5, 12.5, 10.75, 12.75], "texture": "#2"},
				"up": {"uv": [10.5, 12.5, 11, 12.75], "texture": "#2"},
				"down": {"uv": [10.5, 12.5, 11, 12.75], "texture": "#2"}
			}
		},
		{
			"name": "soul_devourer_85",
			"from": [7.6, 3, 7.7],
			"to": [8.35, 3.25, 8.45],
			"rotation": {"angle": 0, "axis": "y", "origin": [-1.375, 0, 8.125]},
			"faces": {
				"north": {"uv": [12.25, 12.75, 11.5, 13], "texture": "#2"},
				"east": {"uv": [12, 12.75, 12.25, 13], "texture": "#2"},
				"south": {"uv": [11.5, 12.75, 12.25, 13], "texture": "#2"},
				"west": {"uv": [11.5, 12.75, 11.75, 13], "texture": "#2"},
				"up": {"uv": [11.5, 12.75, 12.25, 13], "texture": "#2"},
				"down": {"uv": [11.5, 12.75, 12.25, 13], "texture": "#2"}
			}
		},
		{
			"name": "soul_devourer_86",
			"from": [7.725, 2.75, 7.825],
			"to": [8.225, 3, 8.325],
			"rotation": {"angle": 0, "axis": "y", "origin": [-1.375, 0, 8.125]},
			"faces": {
				"north": {"uv": [11, 13, 10.5, 13.25], "texture": "#2"},
				"east": {"uv": [10.75, 13, 11, 13.25], "texture": "#2"},
				"south": {"uv": [10.5, 13, 11, 13.25], "texture": "#2"},
				"west": {"uv": [10.5, 13, 10.75, 13.25], "texture": "#2"},
				"up": {"uv": [10.5, 13, 11, 13.25], "texture": "#2"},
				"down": {"uv": [10.5, 13, 11, 13.25], "texture": "#2"}
			}
		},
		{
			"name": "soul_devourer_87",
			"from": [7.6, 2.5, 7.7],
			"to": [8.35, 2.75, 8.45],
			"rotation": {"angle": 0, "axis": "y", "origin": [-1.375, 0, 8.125]},
			"faces": {
				"north": {"uv": [12.25, 13.25, 11.5, 13.5], "texture": "#2"},
				"east": {"uv": [12, 13.25, 12.25, 13.5], "texture": "#2"},
				"south": {"uv": [11.5, 13.25, 12.25, 13.5], "texture": "#2"},
				"west": {"uv": [11.5, 13.25, 11.75, 13.5], "texture": "#2"},
				"up": {"uv": [11.5, 13.25, 12.25, 13.5], "texture": "#2"},
				"down": {"uv": [11.5, 13.25, 12.25, 13.5], "texture": "#2"}
			}
		},
		{
			"name": "soul_devourer_88",
			"from": [7.725, 2.25, 7.825],
			"to": [8.225, 2.5, 8.325],
			"rotation": {"angle": 0, "axis": "y", "origin": [-1.375, 0, 8.125]},
			"faces": {
				"north": {"uv": [11, 13.5, 10.5, 13.75], "texture": "#2"},
				"east": {"uv": [10.75, 13.5, 11, 13.75], "texture": "#2"},
				"south": {"uv": [10.5, 13.5, 11, 13.75], "texture": "#2"},
				"west": {"uv": [10.5, 13.5, 10.75, 13.75], "texture": "#2"},
				"up": {"uv": [10.5, 13.5, 11, 13.75], "texture": "#2"},
				"down": {"uv": [10.5, 13.5, 11, 13.75], "texture": "#2"}
			}
		},
		{
			"name": "soul_devourer_89",
			"from": [7.6, 1.5, 7.7],
			"to": [8.35, 2.25, 8.45],
			"rotation": {"angle": 0, "axis": "y", "origin": [-1.375, 0, 8.125]},
			"faces": {
				"north": {"uv": [12.25, 13.75, 11.5, 14.5], "texture": "#2"},
				"east": {"uv": [12, 13.75, 12.25, 14.5], "texture": "#2"},
				"south": {"uv": [11.5, 13.75, 12.25, 14.5], "texture": "#2"},
				"west": {"uv": [11.5, 13.75, 11.75, 14.5], "texture": "#2"},
				"up": {"uv": [11.5, 13.75, 12.25, 14], "texture": "#2"},
				"down": {"uv": [11.5, 14.25, 12.25, 14.5], "texture": "#2"}
			}
		},
		{
			"name": "soul_devourer_90",
			"from": [6.975, 1.75, 8.075],
			"to": [8.975, 2, 8.075],
			"rotation": {"angle": 0, "axis": "y", "origin": [-1.375, 0, 8.125]},
			"faces": {
				"north": {"uv": [10.25, 14.25, 8.25, 14.5], "texture": "#2"},
				"east": {"uv": [10, 14.25, 10.25, 14.5], "texture": "#2"},
				"south": {"uv": [8.25, 14.25, 10.25, 14.5], "texture": "#2"},
				"west": {"uv": [8.25, 14.25, 8.5, 14.5], "texture": "#2"},
				"up": {"uv": [8.25, 14.25, 10.25, 14.5], "texture": "#2"},
				"down": {"uv": [8.25, 14.25, 10.25, 14.5], "texture": "#2"}
			}
		},
		{
			"name": "soul_devourer_91",
			"from": [7.6, 0.75, 8.075],
			"to": [8.35, 1.5, 8.075],
			"rotation": {"angle": 0, "axis": "y", "origin": [-1.375, 0, 8.125]},
			"faces": {
				"north": {"uv": [13.25, 14.5, 12.5, 15.25], "texture": "#2"},
				"east": {"uv": [13, 14.5, 13.25, 15.25], "texture": "#2"},
				"south": {"uv": [12.5, 14.5, 13.25, 15.25], "texture": "#2"},
				"west": {"uv": [12.5, 14.5, 12.75, 15.25], "texture": "#2"},
				"up": {"uv": [12.5, 14.5, 13.25, 14.75], "texture": "#2"},
				"down": {"uv": [12.5, 15, 13.25, 15.25], "texture": "#2"}
			}
		},
		{
			"name": "soul_devourer_92",
			"from": [7.35, 1, 8.075],
			"to": [7.6, 1.25, 8.075],
			"rotation": {"angle": 0, "axis": "y", "origin": [-1.375, 0, 8.125]},
			"faces": {
				"north": {"uv": [12.5, 14.75, 12.25, 15], "texture": "#2"},
				"east": {"uv": [12.25, 14.75, 12.5, 15], "texture": "#2"},
				"south": {"uv": [12.25, 14.75, 12.5, 15], "texture": "#2"},
				"west": {"uv": [12.25, 14.75, 12.5, 15], "texture": "#2"},
				"up": {"uv": [12.25, 14.75, 12.5, 15], "texture": "#2"},
				"down": {"uv": [12.25, 14.75, 12.5, 15], "texture": "#2"}
			}
		},
		{
			"name": "soul_devourer_93",
			"from": [8.35, 1, 8.075],
			"to": [8.6, 1.25, 8.075],
			"rotation": {"angle": 0, "axis": "y", "origin": [-1.375, 0, 8.125]},
			"faces": {
				"north": {"uv": [13.5, 14.75, 13.25, 15], "texture": "#2"},
				"east": {"uv": [13.25, 14.75, 13.5, 15], "texture": "#2"},
				"south": {"uv": [13.25, 14.75, 13.5, 15], "texture": "#2"},
				"west": {"uv": [13.25, 14.75, 13.5, 15], "texture": "#2"},
				"up": {"uv": [13.25, 14.75, 13.5, 15], "texture": "#2"},
				"down": {"uv": [13.25, 14.75, 13.5, 15], "texture": "#2"}
			}
		},
		{
			"name": "soul_devourer_94",
			"from": [7.35, 0.5, 8.075],
			"to": [7.6, 0.75, 8.075],
			"rotation": {"angle": 0, "axis": "y", "origin": [-1.375, 0, 8.125]},
			"faces": {
				"north": {"uv": [12.5, 15.25, 12.25, 15.5], "texture": "#2"},
				"east": {"uv": [12.25, 15.25, 12.5, 15.5], "texture": "#2"},
				"south": {"uv": [12.25, 15.25, 12.5, 15.5], "texture": "#2"},
				"west": {"uv": [12.25, 15.25, 12.5, 15.5], "texture": "#2"},
				"up": {"uv": [12.25, 15.25, 12.5, 15.5], "texture": "#2"},
				"down": {"uv": [12.25, 15.25, 12.5, 15.5], "texture": "#2"}
			}
		},
		{
			"name": "soul_devourer_95",
			"from": [7.85, 0, 8.075],
			"to": [8.1, 0.75, 8.075],
			"rotation": {"angle": 0, "axis": "y", "origin": [-1.375, 0, 8.125]},
			"faces": {
				"north": {"uv": [13, 15.25, 12.75, 16], "texture": "#2"},
				"east": {"uv": [12.75, 15.25, 13, 16], "texture": "#2"},
				"south": {"uv": [12.75, 15.25, 13, 16], "texture": "#2"},
				"west": {"uv": [12.75, 15.25, 13, 16], "texture": "#2"},
				"up": {"uv": [12.75, 15.25, 13, 15.5], "texture": "#2"},
				"down": {"uv": [12.75, 15.75, 13, 16], "texture": "#2"}
			}
		},
		{
			"name": "soul_devourer_96",
			"from": [8.35, 0.5, 8.075],
			"to": [8.6, 0.75, 8.075],
			"rotation": {"angle": 0, "axis": "y", "origin": [-1.375, 0, 8.125]},
			"faces": {
				"north": {"uv": [13.5, 15.25, 13.25, 15.5], "texture": "#2"},
				"east": {"uv": [13.25, 15.25, 13.5, 15.5], "texture": "#2"},
				"south": {"uv": [13.25, 15.25, 13.5, 15.5], "texture": "#2"},
				"west": {"uv": [13.25, 15.25, 13.5, 15.5], "texture": "#2"},
				"up": {"uv": [13.25, 15.25, 13.5, 15.5], "texture": "#2"},
				"down": {"uv": [13.25, 15.25, 13.5, 15.5], "texture": "#2"}
			}
		},
		{
			"name": "soul_devourer_97",
			"from": [7.6, 0.25, 8.075],
			"to": [7.85, 0.5, 8.075],
			"rotation": {"angle": 0, "axis": "y", "origin": [-1.375, 0, 8.125]},
			"faces": {
				"north": {"uv": [12.75, 15.5, 12.5, 15.75], "texture": "#2"},
				"east": {"uv": [12.5, 15.5, 12.75, 15.75], "texture": "#2"},
				"south": {"uv": [12.5, 15.5, 12.75, 15.75], "texture": "#2"},
				"west": {"uv": [12.5, 15.5, 12.75, 15.75], "texture": "#2"},
				"up": {"uv": [12.5, 15.5, 12.75, 15.75], "texture": "#2"},
				"down": {"uv": [12.5, 15.5, 12.75, 15.75], "texture": "#2"}
			}
		},
		{
			"name": "soul_devourer_98",
			"from": [8.1, 0.25, 8.075],
			"to": [8.35, 0.5, 8.075],
			"rotation": {"angle": 0, "axis": "y", "origin": [-1.375, 0, 8.125]},
			"faces": {
				"north": {"uv": [13.25, 15.5, 13, 15.75], "texture": "#2"},
				"east": {"uv": [13, 15.5, 13.25, 15.75], "texture": "#2"},
				"south": {"uv": [13, 15.5, 13.25, 15.75], "texture": "#2"},
				"west": {"uv": [13, 15.5, 13.25, 15.75], "texture": "#2"},
				"up": {"uv": [13, 15.5, 13.25, 15.75], "texture": "#2"},
				"down": {"uv": [13, 15.5, 13.25, 15.75], "texture": "#2"}
			}
		}
	],
	"gui_light": "front",
	"display": {
		"thirdperson_righthand": {
			"rotation": [0, -90, 0],
			"translation": [-0.25, 1.25, 1.25],
			"scale": [3, 3, 3]
		},
		"thirdperson_lefthand": {
			"rotation": [0, 90, 0],
			"translation": [-0.25, 1.25, 1.25],
			"scale": [3, 3, 3]
		},
		"firstperson_righthand": {
			"rotation": [-10, -77, 0],
			"translation": [1.25, 2.5, -1.25],
			"scale": [2.25, 2.25, 2.25]
		},
		"firstperson_lefthand": {
			"rotation": [-10, 100, 0],
			"translation": [1.25, 2.5, -1.25],
			"scale": [2.25, 2.25, 2.25]
		},
		"ground": {
			"translation": [0, 7.75, 0],
			"scale": [2, 2, 2]
		},
		"gui": {
			"rotation": [0, 0, -42],
			"translation": [-0.5, -1.5, 0],
			"scale": [1.75, 1.75, 1.75]
		},
		"head": {
			"rotation": [0, 0, -132],
			"translation": [-4.25, -12.5, 3.5],
			"scale": [3.5, 3.5, 3.5]
		},
		"fixed": {
			"rotation": [-180, 0, 138],
			"translation": [-1.25, 1.75, 0.25],
			"scale": [4, 4, 3]
		}
	},
	"groups": [
		{
			"name": "soul_devourer",
			"origin": [8, 8, 8],
			"color": 0,
			"children": [
				0,
				1,
				2,
				3,
				4,
				5,
				6,
				7,
				8,
				9,
				10,
				11,
				12,
				13,
				14,
				15,
				16,
				17,
				18,
				19,
				20,
				21,
				22,
				23,
				24,
				25,
				26,
				27,
				28,
				29,
				30,
				31,
				32,
				33,
				34,
				35,
				36,
				37,
				38,
				39,
				40,
				41,
				42,
				43,
				44,
				45,
				46,
				47,
				48,
				49,
				50,
				51,
				52,
				53,
				54,
				55,
				56,
				57,
				58,
				59,
				60,
				61,
				62,
				63,
				64,
				65,
				66,
				67,
				68,
				69,
				70,
				71,
				72,
				73,
				74,
				75,
				76,
				77,
				78,
				79,
				80,
				81,
				82,
				83,
				84,
				85,
				86,
				87,
				88,
				89,
				90,
				91,
				92,
				93,
				94,
				95,
				96,
				97,
				98,
				99,
				100,
				101,
				102,
				103,
				104,
				105,
				106
			]
		}
	]
}